building_name,num_tiles,coating_deterioration_mean,cracks_mean,masonry_degradation_mean,moisture_bio_damage_mean,vandalism_mean,coating_deterioration_max,cracks_max,masonry_degradation_max,moisture_bio_damage_max,vandalism_max,coating_deterioration_prevalence,cracks_prevalence,masonry_degradation_prevalence,moisture_bio_damage_prevalence,vandalism_prevalence
DSC02518,24,0.0,0.0,0.0,0.05,0.0,0.03,0.0,0.01,0.26,0.01,0.08,0.0,0.0,0.38,0.04
2026-04-09 17-36-25,12,0.01,0.0,0.0,0.01,0.0,0.03,0.0,0.0,0.04,0.0,0.33,0.0,0.0,0.25,0.0
IMG_20260410_142531328_HDR 2,12,0.02,0.0,0.0,0.01,0.0,0.09,0.0,0.01,0.05,0.02,0.5,0.0,0.0,0.25,0.17
62,12,0.06,0.0,0.0,0.0,0.0,0.18,0.01,0.02,0.01,0.02,0.67,0.08,0.08,0.0,0.08
DSC02333,24,0.0,0.0,0.0,0.01,0.0,0.01,0.0,0.0,0.12,0.0,0.04,0.0,0.0,0.17,0.0
IMG_20260320_154256,30,0.0,0.0,0.0,0.01,0.0,0.02,0.0,0.01,0.05,0.01,0.1,0.0,0.0,0.37,0.0
DSC02315,24,0.02,0.0,0.01,0.04,0.0,0.23,0.02,0.12,0.12,0.0,0.38,0.04,0.08,0.5,0.0
DSC02470,24,0.01,0.0,0.0,0.0,0.0,0.05,0.01,0.0,0.07,0.0,0.21,0.0,0.0,0.04,0.0
DSC02547,42,0.0,0.0,0.0,0.01,0.0,0.02,0.0,0.01,0.05,0.01,0.19,0.0,0.0,0.21,0.02
IMG_20260318_131235096_HDR,20,0.06,0.0,0.0,0.02,0.0,0.28,0.01,0.0,0.15,0.0,0.8,0.0,0.0,0.35,0.0
44,12,0.0,0.0,0.0,0.0,0.0,0.03,0.02,0.0,0.0,0.0,0.08,0.08,0.0,0.0,0.0
IMG_20260410_141549751_HDR,20,0.09,0.0,0.01,0.03,0.0,0.46,0.05,0.08,0.2,0.0,0.7,0.05,0.05,0.4,0.0
IMG_20260317_113656168_HDR,30,0.06,0.01,0.0,0.0,0.0,0.31,0.04,0.0,0.01,0.0,0.6,0.3,0.0,0.0,0.0
DSC02466,24,0.04,0.0,0.0,0.03,0.0,0.15,0.0,0.05,0.15,0.0,0.58,0.0,0.12,0.38,0.0
DSC02438,24,0.0,0.0,0.0,0.01,0.0,0.01,0.0,0.0,0.09,0.0,0.0,0.0,0.0,0.33,0.0
IMG_20260410_140444559_HDR,30,0.0,0.0,0.0,0.01,0.0,0.03,0.0,0.02,0.05,0.01,0.17,0.0,0.13,0.17,0.03
31,12,0.06,0.0,0.0,0.08,0.0,0.27,0.01,0.0,0.22,0.0,0.5,0.08,0.0,0.5,0.0
2026-04-02 17-26-12,36,0.01,0.0,0.0,0.01,0.0,0.11,0.0,0.02,0.09,0.01,0.19,0.0,0.03,0.11,0.0
DSC02515,42,0.01,0.04,0.0,0.0,0.0,0.07,0.33,0.02,0.04,0.03,0.26,0.36,0.02,0.07,0.02
DSC02556,36,0.01,0.01,0.0,0.01,0.0,0.03,0.04,0.03,0.08,0.01,0.22,0.25,0.03,0.22,0.0
DSC02216,24,0.02,0.0,0.01,0.17,0.0,0.16,0.0,0.05,0.67,0.04,0.29,0.0,0.12,0.75,0.04
DSC02278,24,0.02,0.0,0.0,0.01,0.0,0.24,0.03,0.0,0.08,0.01,0.17,0.08,0.0,0.17,0.04
IMG_20260410_141005863_HDR,30,0.3,0.01,0.0,0.06,0.0,0.64,0.14,0.04,0.31,0.02,0.87,0.1,0.1,0.47,0.07
IMG_20260410_140737889_HDR,16,0.1,0.0,0.0,0.02,0.0,0.3,0.03,0.01,0.08,0.0,0.75,0.06,0.0,0.25,0.0
IMG_20260315_150549079_HDR,30,0.01,0.0,0.0,0.09,0.0,0.06,0.01,0.03,0.51,0.02,0.2,0.0,0.03,0.33,0.03
IMG_20260320_153217,30,0.02,0.0,0.0,0.0,0.0,0.11,0.02,0.0,0.05,0.03,0.33,0.17,0.0,0.13,0.03
DSC02253,24,0.0,0.0,0.0,0.0,0.0,0.02,0.01,0.0,0.01,0.0,0.08,0.0,0.0,0.04,0.0
IMG_20260410_134923210_HDR,30,0.09,0.0,0.0,0.09,0.0,0.3,0.02,0.02,0.45,0.0,0.77,0.17,0.03,0.63,0.0
IMG_20260410_140248530_HDR,30,0.05,0.0,0.0,0.03,0.0,0.21,0.01,0.04,0.22,0.04,0.47,0.03,0.1,0.3,0.07
DSC02420,42,0.01,0.0,0.0,0.0,0.0,0.1,0.01,0.02,0.03,0.01,0.21,0.02,0.02,0.1,0.02
DSC02369,24,0.0,0.0,0.0,0.0,0.0,0.01,0.0,0.0,0.04,0.0,0.04,0.0,0.0,0.04,0.0
DSC02574,24,0.0,0.0,0.0,0.0,0.0,0.02,0.0,0.0,0.0,0.01,0.04,0.0,0.0,0.0,0.0
DSC02171,24,0.0,0.0,0.0,0.0,0.0,0.0,0.0,0.0,0.02,0.05,0.0,0.0,0.0,0.08,0.04
60,12,0.02,0.0,0.0,0.03,0.0,0.11,0.01,0.0,0.25,0.0,0.25,0.08,0.0,0.17,0.0
N-1,12,0.07,0.0,0.0,0.0,0.0,0.24,0.03,0.0,0.0,0.0,0.58,0.08,0.0,0.0,0.0
1000032462,24,0.02,0.01,0.0,0.0,0.0,0.13,0.04,0.05,0.01,0.01,0.21,0.21,0.08,0.0,0.0
Маяковского 22 24,30,0.02,0.0,0.01,0.01,0.0,0.15,0.01,0.07,0.11,0.0,0.33,0.0,0.17,0.13,0.0
DSC02309,24,0.03,0.0,0.0,0.11,0.0,0.15,0.0,0.01,0.25,0.01,0.42,0.0,0.0,0.67,0.04
DSC02499,24,0.01,0.0,0.0,0.0,0.0,0.07,0.0,0.01,0.02,0.02,0.29,0.0,0.0,0.08,0.12
DSC02189,24,0.0,0.0,0.0,0.01,0.0,0.05,0.0,0.0,0.11,0.01,0.08,0.0,0.0,0.21,0.0
IMG_20260410_135220097_HDR,30,0.17,0.0,0.0,0.02,0.0,0.58,0.02,0.01,0.13,0.01,0.83,0.03,0.03,0.3,0.0
DSC02364,24,0.0,0.01,0.0,0.01,0.0,0.02,0.04,0.0,0.11,0.0,0.17,0.21,0.0,0.29,0.0
IMG_20260320_153746,30,0.03,0.0,0.0,0.0,0.0,0.23,0.02,0.06,0.03,0.04,0.33,0.07,0.1,0.07,0.03
IMG_20260410_140030448_HDR,30,0.0,0.0,0.0,0.04,0.0,0.06,0.0,0.02,0.18,0.03,0.07,0.0,0.03,0.43,0.07
IMG_20260413_114127,25,0.01,0.0,0.0,0.01,0.0,0.05,0.01,0.01,0.09,0.01,0.24,0.0,0.0,0.16,0.0
DSC02356,42,0.0,0.0,0.0,0.0,0.0,0.01,0.04,0.02,0.0,0.02,0.05,0.1,0.02,0.0,0.02
IMG_20260318_075658475_HDR,28,0.03,0.0,0.0,0.03,0.0,0.17,0.03,0.0,0.14,0.02,0.32,0.18,0.0,0.43,0.07
улица Восстания 25,30,0.02,0.0,0.0,0.01,0.0,0.19,0.01,0.0,0.08,0.0,0.27,0.03,0.0,0.23,0.0
DSC02527,20,0.01,0.0,0.0,0.0,0.0,0.1,0.01,0.01,0.0,0.0,0.25,0.0,0.0,0.0,0.0
DSC02143,42,0.02,0.0,0.0,0.01,0.0,0.22,0.0,0.0,0.06,0.02,0.31,0.0,0.0,0.17,0.02
IMG_20260410_135356374_HDR,30,0.12,0.0,0.0,0.02,0.0,0.46,0.02,0.03,0.14,0.01,0.5,0.03,0.03,0.33,0.0
9,12,0.08,0.0,0.01,0.02,0.02,0.33,0.01,0.08,0.1,0.1,0.75,0.08,0.17,0.5,0.25
DSC02391,24,0.01,0.0,0.0,0.0,0.0,0.05,0.0,0.0,0.02,0.02,0.17,0.0,0.0,0.08,0.04
DSC02270,24,0.01,0.0,0.0,0.0,0.0,0.06,0.01,0.0,0.0,0.0,0.25,0.0,0.0,0.0,0.0
IMG_20260318_115602,24,0.0,0.0,0.0,0.0,0.0,0.0,0.0,0.02,0.0,0.01,0.0,0.0,0.04,0.0,0.0
DSC02567,42,0.0,0.0,0.0,0.0,0.0,0.02,0.01,0.0,0.06,0.0,0.05,0.0,0.0,0.12,0.0
IMG_20260410_135231599_HDR,30,0.16,0.0,0.0,0.01,0.0,0.55,0.03,0.06,0.05,0.01,1.0,0.13,0.03,0.2,0.0
DSC02416,18,0.06,0.0,0.0,0.02,0.0,0.2,0.04,0.04,0.17,0.0,0.56,0.06,0.06,0.33,0.0
32,12,0.08,0.0,0.0,0.24,0.0,0.27,0.0,0.03,0.57,0.0,0.75,0.0,0.08,1.0,0.0
DSC02314,24,0.01,0.0,0.0,0.05,0.01,0.14,0.0,0.01,0.22,0.04,0.12,0.0,0.04,0.46,0.17
DSC02566,42,0.05,0.0,0.0,0.02,0.0,0.28,0.04,0.05,0.19,0.02,0.55,0.14,0.19,0.36,0.02
IMG_20260410_141636397_HDR,24,0.26,0.0,0.0,0.01,0.0,0.64,0.0,0.01,0.09,0.06,0.83,0.0,0.04,0.21,0.04
77,9,0.2,0.0,0.0,0.02,0.0,0.56,0.0,0.0,0.08,0.0,0.67,0.0,0.0,0.22,0.0
DSC02244,24,0.01,0.0,0.0,0.01,0.0,0.05,0.0,0.01,0.14,0.01,0.46,0.0,0.04,0.21,0.04
DSC02530,35,0.01,0.0,0.0,0.02,0.0,0.07,0.01,0.01,0.28,0.03,0.37,0.0,0.0,0.34,0.11
57,12,0.04,0.0,0.0,0.0,0.0,0.13,0.0,0.01,0.01,0.01,0.58,0.0,0.08,0.0,0.0
DSC02558,24,0.01,0.0,0.0,0.01,0.0,0.08,0.05,0.0,0.04,0.01,0.38,0.12,0.0,0.21,0.0
IMG_20260410_131627108_HDR,30,0.02,0.0,0.0,0.0,0.0,0.14,0.0,0.01,0.0,0.02,0.37,0.0,0.0,0.0,0.03
DSC02476,20,0.09,0.0,0.0,0.02,0.0,0.3,0.01,0.02,0.17,0.0,0.85,0.0,0.25,0.45,0.0
IMG_20260410_131835202_HDR,30,0.03,0.01,0.0,0.0,0.0,0.17,0.12,0.02,0.02,0.0,0.57,0.17,0.03,0.03,0.0
DSC02193,36,0.01,0.0,0.0,0.01,0.0,0.13,0.02,0.0,0.06,0.03,0.11,0.08,0.0,0.19,0.11
IMG_20260410_141717983_HDR,24,0.18,0.0,0.01,0.03,0.0,0.59,0.0,0.07,0.27,0.0,0.79,0.0,0.17,0.42,0.0
DSC02168,42,0.02,0.0,0.0,0.01,0.0,0.13,0.01,0.01,0.13,0.05,0.43,0.0,0.02,0.31,0.05
IMG_20260410_132128873_HDR,30,0.07,0.0,0.0,0.0,0.0,0.36,0.03,0.05,0.04,0.0,0.5,0.1,0.03,0.07,0.0
1000019118,30,0.01,0.0,0.0,0.0,0.0,0.08,0.0,0.0,0.0,0.02,0.23,0.0,0.0,0.0,0.07
DSC02297,24,0.03,0.01,0.01,0.0,0.0,0.09,0.03,0.04,0.01,0.01,0.54,0.29,0.46,0.08,0.0
DSC02554,24,0.02,0.0,0.0,0.01,0.0,0.09,0.02,0.03,0.11,0.0,0.38,0.12,0.12,0.25,0.0
IMG_20260318_131740050_HDR,20,0.0,0.01,0.0,0.0,0.0,0.02,0.09,0.0,0.0,0.0,0.1,0.3,0.0,0.0,0.0
IMG_20260410_134901908_HDR,30,0.11,0.0,0.0,0.08,0.0,0.38,0.02,0.03,0.27,0.03,0.9,0.1,0.03,0.6,0.03
DSC02453,24,0.0,0.0,0.0,0.0,0.0,0.02,0.0,0.0,0.01,0.05,0.08,0.0,0.0,0.04,0.12
IMG_20260320_154755,30,0.02,0.0,0.01,0.0,0.0,0.12,0.01,0.08,0.03,0.0,0.47,0.0,0.17,0.13,0.0
DSC02450,42,0.02,0.0,0.0,0.0,0.0,0.2,0.0,0.04,0.03,0.01,0.29,0.0,0.05,0.02,0.05
DSC02211,42,0.0,0.0,0.0,0.0,0.0,0.01,0.0,0.0,0.1,0.01,0.02,0.0,0.0,0.02,0.0
1000032450,9,0.0,0.0,0.0,0.0,0.0,0.01,0.0,0.0,0.0,0.0,0.0,0.0,0.0,0.0,0.0
DSC02152,42,0.0,0.0,0.0,0.01,0.0,0.04,0.02,0.0,0.08,0.0,0.07,0.05,0.0,0.31,0.0
81,12,0.06,0.0,0.0,0.0,0.0,0.15,0.02,0.01,0.03,0.0,0.83,0.08,0.0,0.08,0.0
DSC02375,36,0.03,0.0,0.0,0.02,0.0,0.23,0.01,0.05,0.12,0.0,0.28,0.03,0.11,0.53,0.0
46,12,0.0,0.0,0.0,0.0,0.0,0.01,0.01,0.0,0.01,0.0,0.17,0.17,0.0,0.0,0.0
DSC02174,24,0.03,0.0,0.0,0.22,0.0,0.21,0.01,0.0,0.53,0.0,0.42,0.0,0.0,0.67,0.0
DSC02508,20,0.0,0.0,0.0,0.0,0.0,0.03,0.0,0.0,0.01,0.01,0.1,0.0,0.0,0.0,0.0
2026-04-09 17-53-21,12,0.01,0.0,0.0,0.0,0.0,0.06,0.01,0.0,0.0,0.0,0.33,0.0,0.0,0.0,0.0
IMG_20260410_135113377_HDR,30,0.12,0.0,0.0,0.06,0.0,0.38,0.02,0.02,0.28,0.02,0.83,0.07,0.03,0.47,0.1
IMG_20260410_131802350_HDR,30,0.01,0.0,0.0,0.0,0.0,0.12,0.01,0.04,0.04,0.02,0.2,0.0,0.1,0.13,0.03
IMG_20260318_075635475_HDR,20,0.01,0.0,0.01,0.0,0.0,0.09,0.01,0.09,0.03,0.0,0.2,0.05,0.15,0.05,0.0
DSC02289,42,0.0,0.0,0.0,0.0,0.0,0.02,0.01,0.0,0.01,0.0,0.07,0.0,0.0,0.0,0.0
IMG_20260410_134825865_HDR,30,0.14,0.0,0.01,0.06,0.0,0.42,0.01,0.07,0.37,0.0,0.83,0.03,0.13,0.47,0.0
DSC02342,24,0.01,0.0,0.0,0.01,0.0,0.1,0.0,0.0,0.03,0.0,0.38,0.0,0.0,0.25,0.0
IMG_20260410_142701158_HDR,16,0.02,0.0,0.0,0.0,0.0,0.12,0.0,0.01,0.0,0.02,0.38,0.0,0.06,0.0,0.12
IMG_20260325_075617182_HDR,20,0.03,0.0,0.0,0.06,0.0,0.08,0.01,0.0,0.35,0.0,0.65,0.0,0.0,0.55,0.0
61,12,0.1,0.0,0.0,0.0,0.02,0.46,0.01,0.01,0.04,0.05,0.5,0.0,0.0,0.17,0.67
2026-04-09 17-38-15,28,0.03,0.0,0.0,0.01,0.0,0.27,0.01,0.03,0.12,0.0,0.32,0.0,0.04,0.14,0.0
IMG_20260318_120221,30,0.0,0.0,0.0,0.0,0.0,0.02,0.0,0.0,0.0,0.0,0.2,0.0,0.0,0.0,0.0
IMG_20260317_113448622_HDR,30,0.16,0.0,0.0,0.01,0.0,0.55,0.0,0.05,0.14,0.0,0.67,0.0,0.13,0.2,0.0
IMG_20260318_115219,30,0.01,0.0,0.0,0.0,0.0,0.12,0.0,0.05,0.01,0.0,0.17,0.0,0.2,0.03,0.0
2026-04-02 17-25-18,15,0.06,0.0,0.0,0.02,0.0,0.2,0.0,0.02,0.2,0.0,0.8,0.0,0.07,0.33,0.0
DSC02542,24,0.01,0.0,0.0,0.0,0.0,0.06,0.0,0.0,0.04,0.01,0.21,0.0,0.0,0.08,0.0
DSC02544,20,0.0,0.0,0.0,0.01,0.0,0.04,0.0,0.0,0.09,0.01,0.05,0.0,0.0,0.2,0.0
IMG_20260320_081159910_HDR,20,0.0,0.0,0.0,0.0,0.0,0.03,0.02,0.0,0.0,0.0,0.1,0.15,0.0,0.0,0.0
IMG_20260317_130539386_HDR,30,0.18,0.0,0.01,0.0,0.0,0.69,0.01,0.08,0.01,0.01,0.8,0.03,0.3,0.0,0.0
27,12,0.03,0.0,0.0,0.03,0.06,0.15,0.0,0.0,0.13,0.23,0.42,0.0,0.0,0.42,0.42
35,12,0.08,0.0,0.0,0.01,0.0,0.24,0.0,0.0,0.09,0.0,0.75,0.0,0.0,0.17,0.0
25,12,0.11,0.0,0.0,0.02,0.0,0.27,0.0,0.01,0.09,0.01,0.92,0.0,0.17,0.42,0.08
IMG_20260320_154600,30,0.02,0.0,0.0,0.0,0.0,0.09,0.01,0.0,0.04,0.0,0.5,0.03,0.0,0.2,0.0
IMG_20260320_153530,30,0.04,0.0,0.0,0.0,0.0,0.16,0.01,0.02,0.03,0.03,0.63,0.0,0.17,0.03,0.13
67,12,0.02,0.01,0.0,0.07,0.0,0.04,0.03,0.0,0.23,0.0,0.42,0.25,0.0,0.67,0.0
DSC02393,24,0.0,0.0,0.0,0.04,0.0,0.02,0.0,0.0,0.25,0.01,0.21,0.0,0.0,0.29,0.0
20,9,0.01,0.0,0.0,0.0,0.0,0.03,0.0,0.0,0.02,0.01,0.33,0.0,0.0,0.11,0.0
DSC02209,30,0.0,0.0,0.0,0.06,0.0,0.02,0.0,0.01,0.3,0.05,0.07,0.0,0.0,0.5,0.07
IMG_20260410_131927127_HDR,30,0.01,0.0,0.0,0.0,0.0,0.04,0.0,0.0,0.03,0.01,0.2,0.0,0.0,0.13,0.03
DSC02404,24,0.04,0.0,0.0,0.0,0.0,0.16,0.02,0.01,0.02,0.0,0.54,0.08,0.0,0.12,0.0
DSC02271,24,0.02,0.01,0.0,0.0,0.0,0.23,0.07,0.0,0.03,0.01,0.21,0.21,0.0,0.12,0.0
IMG_20260410_142628731_HDR,18,0.04,0.0,0.0,0.02,0.0,0.11,0.01,0.0,0.08,0.0,0.5,0.06,0.0,0.33,0.0
IMG_20260410_135750395_HDR,30,0.09,0.0,0.0,0.03,0.0,0.28,0.02,0.01,0.31,0.02,0.73,0.03,0.0,0.3,0.1
DSC02250,42,0.0,0.0,0.0,0.0,0.0,0.05,0.01,0.12,0.01,0.0,0.12,0.0,0.05,0.0,0.0
IMG_20260320_151341,30,0.01,0.0,0.0,0.02,0.0,0.07,0.01,0.0,0.17,0.0,0.3,0.0,0.0,0.33,0.0
DSC02422,36,0.04,0.0,0.01,0.0,0.0,0.23,0.01,0.07,0.01,0.03,0.5,0.0,0.22,0.0,0.06
19,12,0.14,0.0,0.0,0.01,0.0,0.46,0.0,0.0,0.05,0.03,0.58,0.0,0.0,0.25,0.08
IMG_20260410_134735979_HDR,30,0.27,0.0,0.0,0.02,0.0,0.47,0.01,0.0,0.18,0.02,0.97,0.03,0.0,0.37,0.03
1000021107,30,0.11,0.0,0.0,0.02,0.0,0.31,0.01,0.04,0.11,0.0,0.87,0.0,0.1,0.37,0.0
IMG_20260410_134543453_HDR,25,0.14,0.0,0.01,0.03,0.0,0.62,0.01,0.06,0.25,0.02,0.52,0.0,0.16,0.16,0.04
DSC02532,24,0.03,0.0,0.0,0.0,0.0,0.16,0.02,0.0,0.01,0.01,0.42,0.08,0.0,0.0,0.0
IMG_20260317_113415094_HDR,24,0.19,0.0,0.0,0.0,0.0,0.59,0.0,0.01,0.01,0.0,0.75,0.0,0.0,0.04,0.0
DSC02259,24,0.16,0.0,0.03,0.01,0.01,0.5,0.0,0.1,0.09,0.11,0.75,0.0,0.46,0.12,0.17
30,12,0.01,0.0,0.0,0.15,0.0,0.11,0.0,0.01,0.32,0.0,0.33,0.0,0.08,1.0,0.0
IMG_20260320_160147,30,0.01,0.0,0.01,0.0,0.0,0.09,0.0,0.14,0.01,0.0,0.17,0.0,0.2,0.03,0.0
DSC02428,24,0.01,0.0,0.0,0.0,0.0,0.07,0.01,0.02,0.0,0.01,0.12,0.04,0.08,0.0,0.0
DSC02201,24,0.0,0.01,0.0,0.0,0.0,0.03,0.08,0.01,0.01,0.0,0.12,0.08,0.0,0.04,0.0
DSC02473,24,0.0,0.0,0.0,0.01,0.0,0.06,0.01,0.02,0.08,0.0,0.04,0.0,0.08,0.29,0.0
IMG_20260410_141553710_HDR,25,0.05,0.0,0.0,0.01,0.0,0.31,0.01,0.0,0.15,0.0,0.44,0.0,0.0,0.12,0.0
IMG_20260410_135624056_HDR,30,0.01,0.0,0.0,0.0,0.0,0.15,0.01,0.0,0.0,0.01,0.13,0.0,0.0,0.0,0.03
DSC02305,24,0.05,0.0,0.0,0.0,0.0,0.29,0.02,0.02,0.03,0.0,0.38,0.04,0.04,0.12,0.0
DSC02185,42,0.03,0.0,0.0,0.18,0.0,0.23,0.01,0.0,0.45,0.05,0.4,0.02,0.0,0.69,0.07
1000021129,30,0.0,0.0,0.0,0.0,0.0,0.02,0.02,0.0,0.0,0.0,0.03,0.03,0.0,0.0,0.0
IMG_20260413_113721,12,0.01,0.0,0.0,0.0,0.0,0.1,0.01,0.01,0.0,0.0,0.08,0.08,0.0,0.0,0.0
IMG_20260410_131353115_HDR,30,0.02,0.01,0.0,0.0,0.0,0.08,0.03,0.0,0.0,0.01,0.4,0.4,0.0,0.0,0.0
DSC02537,24,0.01,0.0,0.0,0.0,0.0,0.1,0.03,0.01,0.01,0.0,0.29,0.12,0.0,0.04,0.0
IMG_20260413_114241,25,0.0,0.0,0.0,0.02,0.0,0.02,0.0,0.0,0.18,0.0,0.12,0.0,0.0,0.32,0.0
72,9,0.0,0.0,0.0,0.0,0.0,0.01,0.0,0.0,0.0,0.0,0.0,0.0,0.0,0.0,0.0
10,12,0.02,0.0,0.0,0.04,0.0,0.05,0.02,0.01,0.12,0.01,0.58,0.08,0.08,0.67,0.0
DSC02368,24,0.01,0.0,0.0,0.16,0.0,0.1,0.01,0.01,0.48,0.01,0.33,0.0,0.04,0.58,0.0
DSC02223,24,0.02,0.04,0.0,0.06,0.0,0.11,0.38,0.0,0.19,0.01,0.42,0.25,0.0,0.58,0.04
DSC02572,24,0.0,0.0,0.0,0.0,0.0,0.02,0.0,0.0,0.0,0.0,0.04,0.0,0.0,0.0,0.0
39,12,0.09,0.0,0.0,0.14,0.0,0.22,0.0,0.0,0.41,0.0,0.92,0.0,0.0,0.92,0.0
DSC02459,24,0.0,0.0,0.0,0.03,0.0,0.03,0.01,0.0,0.29,0.02,0.17,0.0,0.0,0.42,0.04
DSC02573,24,0.0,0.0,0.0,0.0,0.0,0.0,0.0,0.0,0.0,0.01,0.0,0.0,0.0,0.0,0.0
DSC02399,24,0.0,0.01,0.0,0.0,0.0,0.03,0.05,0.03,0.04,0.0,0.17,0.33,0.04,0.12,0.0
DSC02380,24,0.02,0.0,0.01,0.07,0.0,0.06,0.01,0.06,0.25,0.02,0.33,0.0,0.08,0.67,0.04
DSC02207,42,0.01,0.0,0.0,0.02,0.0,0.1,0.0,0.04,0.29,0.08,0.29,0.0,0.02,0.21,0.05
IMG_20260317_113335801_HDR,30,0.15,0.0,0.01,0.01,0.0,0.63,0.0,0.19,0.1,0.03,0.7,0.0,0.13,0.17,0.1
DSC02140,24,0.0,0.0,0.0,0.0,0.0,0.05,0.01,0.0,0.03,0.01,0.12,0.0,0.0,0.17,0.04
52,12,0.04,0.0,0.0,0.0,0.0,0.1,0.0,0.0,0.0,0.0,0.5,0.0,0.0,0.0,0.0
21,12,0.07,0.0,0.0,0.03,0.0,0.26,0.0,0.01,0.11,0.0,0.67,0.0,0.08,0.5,0.0
DSC02489,24,0.01,0.0,0.0,0.0,0.0,0.1,0.0,0.0,0.01,0.0,0.29,0.0,0.0,0.0,0.0
IMG_20260410_135300163_HDR,24,0.15,0.0,0.0,0.02,0.0,0.35,0.0,0.0,0.34,0.0,0.79,0.0,0.0,0.17,0.0
IMG_20260413_114049,30,0.01,0.0,0.0,0.0,0.0,0.1,0.02,0.01,0.01,0.01,0.27,0.1,0.03,0.0,0.0
IMG_20260410_140113603_HDR,30,0.21,0.0,0.0,0.01,0.0,0.5,0.0,0.05,0.07,0.04,0.87,0.0,0.07,0.43,0.03
79,12,0.06,0.0,0.01,0.0,0.0,0.16,0.01,0.05,0.01,0.0,0.5,0.0,0.08,0.0,0.0
11,12,0.03,0.0,0.0,0.02,0.0,0.08,0.0,0.0,0.1,0.0,0.67,0.0,0.0,0.42,0.0
29,12,0.04,0.01,0.0,0.01,0.0,0.14,0.07,0.0,0.05,0.01,0.75,0.25,0.0,0.25,0.0
DSC02304,24,0.01,0.0,0.0,0.03,0.0,0.1,0.02,0.0,0.15,0.0,0.12,0.04,0.0,0.46,0.0
DSC02255,24,0.0,0.0,0.0,0.0,0.0,0.02,0.02,0.0,0.02,0.02,0.08,0.08,0.0,0.04,0.04
DSC02396,24,0.02,0.0,0.0,0.01,0.0,0.11,0.0,0.01,0.07,0.03,0.33,0.0,0.0,0.21,0.12
15,12,0.01,0.0,0.0,0.03,0.0,0.03,0.0,0.0,0.09,0.0,0.67,0.0,0.0,0.5,0.0
DSC02560,24,0.0,0.0,0.0,0.0,0.0,0.05,0.01,0.02,0.01,0.0,0.12,0.04,0.04,0.0,0.0
DSC02388,24,0.01,0.0,0.0,0.01,0.0,0.1,0.01,0.0,0.09,0.07,0.08,0.0,0.0,0.17,0.04
IMG_20260319_121325656_HDR,20,0.01,0.0,0.03,0.0,0.0,0.06,0.02,0.26,0.0,0.0,0.4,0.05,0.3,0.0,0.0
16,12,0.0,0.0,0.0,0.08,0.0,0.02,0.01,0.0,0.24,0.0,0.08,0.0,0.0,0.5,0.0
DSC02137,42,0.01,0.01,0.0,0.0,0.0,0.07,0.05,0.02,0.11,0.03,0.24,0.26,0.07,0.02,0.07
DSC02555,30,0.01,0.0,0.0,0.02,0.0,0.08,0.01,0.01,0.08,0.02,0.33,0.0,0.0,0.37,0.1
DSC02536,24,0.0,0.0,0.0,0.01,0.0,0.01,0.0,0.01,0.04,0.0,0.04,0.0,0.04,0.12,0.0
DSC02432,24,0.01,0.0,0.0,0.01,0.0,0.04,0.01,0.01,0.06,0.02,0.25,0.0,0.0,0.21,0.04
IMG_20260318_080042286_HDR,20,0.13,0.01,0.01,0.02,0.0,0.46,0.04,0.06,0.35,0.0,0.75,0.2,0.2,0.2,0.0
2026-04-09 17-34-00,28,0.03,0.0,0.0,0.01,0.0,0.23,0.02,0.0,0.07,0.0,0.54,0.04,0.0,0.14,0.0
DSC02182,24,0.0,0.0,0.0,0.0,0.0,0.03,0.01,0.0,0.05,0.0,0.04,0.0,0.0,0.12,0.0
1000032464,30,0.0,0.0,0.0,0.0,0.0,0.01,0.0,0.0,0.03,0.0,0.0,0.0,0.0,0.07,0.0
IMG_20260410_135449132_HDR,25,0.05,0.0,0.0,0.1,0.0,0.3,0.01,0.0,0.46,0.03,0.6,0.0,0.0,0.64,0.04
IMG_20260408_173612895_HDR,25,0.16,0.0,0.0,0.0,0.0,0.35,0.01,0.01,0.01,0.0,0.84,0.0,0.04,0.0,0.0
IMG_20260317_130518147_HDR,30,0.06,0.0,0.0,0.11,0.0,0.37,0.0,0.0,0.41,0.04,0.57,0.0,0.0,0.6,0.03
IMG_20260413_133030,20,0.0,0.0,0.0,0.03,0.0,0.03,0.0,0.02,0.18,0.0,0.05,0.0,0.05,0.65,0.0
DSC02226,24,0.01,0.0,0.0,0.0,0.0,0.11,0.02,0.0,0.01,0.01,0.17,0.04,0.0,0.04,0.0
DSC02323,24,0.0,0.0,0.0,0.01,0.0,0.01,0.0,0.0,0.12,0.0,0.04,0.0,0.0,0.12,0.0
22,12,0.08,0.0,0.0,0.03,0.0,0.31,0.0,0.0,0.13,0.0,0.75,0.0,0.0,0.58,0.0
IMG_20260410_141801965_HDR,16,0.02,0.0,0.0,0.16,0.01,0.07,0.0,0.0,0.47,0.08,0.5,0.0,0.0,0.81,0.12
DSC02283,24,0.01,0.0,0.0,0.02,0.0,0.15,0.01,0.01,0.18,0.0,0.25,0.0,0.04,0.29,0.0
IMG_20260318_075807376_HDR,20,0.04,0.0,0.0,0.05,0.0,0.13,0.01,0.0,0.29,0.0,0.7,0.05,0.0,0.55,0.0
IMG_20260410_142531328_HDR,20,0.02,0.0,0.0,0.0,0.0,0.13,0.0,0.0,0.0,0.0,0.4,0.0,0.0,0.0,0.0
DSC02464,24,0.0,0.0,0.0,0.0,0.0,0.02,0.0,0.01,0.07,0.01,0.17,0.0,0.0,0.04,0.0
3,12,0.07,0.0,0.0,0.03,0.0,0.14,0.0,0.0,0.14,0.0,0.92,0.0,0.0,0.33,0.0
DSC02335,24,0.0,0.0,0.01,0.0,0.0,0.04,0.0,0.06,0.03,0.0,0.08,0.0,0.38,0.12,0.0
37,12,0.04,0.0,0.0,0.03,0.0,0.16,0.0,0.0,0.16,0.0,0.58,0.0,0.0,0.42,0.0
IMG_20260410_135726699_HDR,30,0.09,0.0,0.0,0.03,0.0,0.47,0.02,0.01,0.24,0.02,0.73,0.03,0.03,0.3,0.03
58,12,0.07,0.0,0.0,0.03,0.0,0.27,0.01,0.0,0.12,0.02,0.5,0.0,0.0,0.5,0.08
2026-04-02 17-25-39,15,0.05,0.0,0.0,0.04,0.0,0.18,0.01,0.01,0.3,0.0,0.53,0.0,0.0,0.33,0.0
IMG_20260410_140721246_HDR,15,0.2,0.0,0.0,0.01,0.0,0.59,0.0,0.0,0.08,0.0,0.87,0.0,0.0,0.2,0.0
1000032446,20,0.01,0.0,0.0,0.01,0.0,0.09,0.01,0.0,0.09,0.0,0.25,0.0,0.0,0.3,0.0
DSC02511,35,0.0,0.0,0.0,0.0,0.0,0.02,0.0,0.0,0.0,0.0,0.03,0.0,0.0,0.0,0.0
26,12,0.01,0.0,0.0,0.0,0.02,0.07,0.0,0.0,0.02,0.07,0.25,0.0,0.0,0.17,0.42
14,6,0.12,0.0,0.02,0.04,0.0,0.23,0.01,0.1,0.08,0.0,0.83,0.0,0.17,0.83,0.0
DSC02569,24,0.0,0.0,0.0,0.01,0.0,0.02,0.01,0.01,0.09,0.0,0.08,0.0,0.0,0.12,0.0
IMG_20260317_130000355_HDR,30,0.07,0.01,0.0,0.01,0.0,0.2,0.04,0.07,0.11,0.0,0.63,0.23,0.07,0.1,0.0
36,12,0.02,0.0,0.0,0.24,0.0,0.12,0.01,0.0,0.67,0.01,0.58,0.08,0.0,0.67,0.08
DSC02312,24,0.03,0.0,0.0,0.1,0.0,0.13,0.01,0.09,0.3,0.0,0.5,0.0,0.08,0.75,0.0
IMG_20260410_140530136_HDR,16,0.11,0.0,0.0,0.01,0.0,0.43,0.0,0.0,0.06,0.0,0.56,0.0,0.0,0.19,0.0
DSC02481,24,0.0,0.0,0.0,0.0,0.0,0.03,0.0,0.0,0.02,0.01,0.08,0.0,0.0,0.08,0.0
IMG_20260319_122144237_HDR,20,0.0,0.0,0.0,0.01,0.0,0.01,0.0,0.03,0.14,0.0,0.0,0.0,0.1,0.2,0.0
2026-04-09 17-47-16,15,0.1,0.0,0.0,0.0,0.0,0.43,0.0,0.01,0.0,0.0,0.73,0.0,0.07,0.0,0.0
DSC02550,42,0.01,0.0,0.0,0.01,0.0,0.08,0.0,0.0,0.09,0.0,0.26,0.0,0.0,0.14,0.0
улица Жуковского 49,30,0.01,0.0,0.0,0.03,0.0,0.05,0.01,0.0,0.22,0.06,0.3,0.03,0.0,0.37,0.13
23,12,0.07,0.0,0.0,0.06,0.0,0.28,0.0,0.01,0.25,0.0,0.67,0.0,0.0,0.5,0.0
DSC02405,24,0.01,0.0,0.0,0.0,0.0,0.08,0.0,0.0,0.01,0.0,0.25,0.0,0.0,0.0,0.0
24,12,0.12,0.01,0.0,0.02,0.0,0.43,0.04,0.01,0.07,0.0,0.92,0.25,0.0,0.58,0.0
53,12,0.07,0.0,0.0,0.03,0.0,0.21,0.03,0.02,0.15,0.01,0.75,0.08,0.17,0.33,0.08
DSC02446,24,0.0,0.0,0.0,0.0,0.0,0.02,0.0,0.0,0.0,0.04,0.17,0.0,0.0,0.0,0.08
IMG_20260413_113804,25,0.01,0.0,0.0,0.01,0.0,0.08,0.0,0.0,0.03,0.03,0.32,0.0,0.0,0.16,0.08
1000032447,20,0.01,0.0,0.0,0.01,0.0,0.07,0.01,0.03,0.11,0.0,0.2,0.0,0.05,0.3,0.0
34,9,0.02,0.0,0.0,0.06,0.0,0.07,0.0,0.0,0.19,0.0,0.67,0.0,0.0,0.67,0.0
IMG_20260410_140643602_HDR,20,0.19,0.0,0.0,0.02,0.0,0.51,0.0,0.0,0.13,0.0,0.7,0.0,0.0,0.3,0.0
DSC02533,42,0.02,0.0,0.0,0.04,0.0,0.14,0.05,0.01,0.26,0.01,0.48,0.07,0.0,0.43,0.05
41,12,0.19,0.0,0.0,0.1,0.0,0.61,0.0,0.0,0.37,0.0,0.75,0.0,0.0,0.58,0.0
IMG_20260318_120547,30,0.04,0.0,0.0,0.01,0.0,0.19,0.01,0.0,0.09,0.01,0.37,0.03,0.0,0.07,0.03
40,12,0.03,0.0,0.0,0.07,0.0,0.11,0.0,0.0,0.22,0.0,0.58,0.0,0.0,0.58,0.0
2,12,0.04,0.0,0.01,0.02,0.0,0.14,0.0,0.03,0.08,0.0,0.5,0.0,0.17,0.42,0.0
DSC02483,24,0.0,0.0,0.0,0.0,0.0,0.04,0.0,0.01,0.04,0.02,0.12,0.0,0.04,0.08,0.08
DSC02178,42,0.01,0.0,0.0,0.06,0.0,0.08,0.02,0.02,0.47,0.0,0.38,0.07,0.02,0.36,0.0
DSC02496,24,0.0,0.0,0.0,0.01,0.0,0.01,0.01,0.01,0.08,0.01,0.0,0.0,0.0,0.21,0.0
IMG_20260413_133209,24,0.0,0.0,0.0,0.02,0.0,0.02,0.0,0.01,0.17,0.01,0.04,0.0,0.0,0.42,0.0
47,12,0.0,0.0,0.0,0.04,0.0,0.01,0.0,0.01,0.1,0.01,0.08,0.0,0.0,0.67,0.0
DSC02372,24,0.0,0.0,0.0,0.0,0.0,0.0,0.0,0.01,0.0,0.0,0.0,0.0,0.0,0.0,0.0
45,12,0.01,0.0,0.0,0.0,0.0,0.05,0.0,0.0,0.02,0.0,0.33,0.0,0.0,0.17,0.0
DSC02504,24,0.0,0.0,0.0,0.0,0.0,0.02,0.0,0.0,0.0,0.01,0.08,0.0,0.0,0.0,0.04
DSC02359,24,0.01,0.0,0.0,0.01,0.0,0.17,0.0,0.01,0.11,0.0,0.08,0.0,0.0,0.38,0.0
DSC02210,36,0.04,0.01,0.01,0.04,0.0,0.35,0.11,0.15,0.26,0.02,0.53,0.25,0.14,0.5,0.03
2026-04-09 17-37-20,18,0.07,0.0,0.0,0.02,0.0,0.23,0.04,0.01,0.09,0.02,0.78,0.06,0.0,0.44,0.11
IMG_20260318_132225974_HDR,20,0.03,0.0,0.0,0.03,0.0,0.19,0.0,0.01,0.21,0.01,0.4,0.0,0.0,0.35,0.05
43,9,0.0,0.0,0.0,0.0,0.0,0.01,0.0,0.0,0.0,0.0,0.11,0.0,0.0,0.0,0.0
51,12,0.01,0.0,0.0,0.04,0.0,0.03,0.01,0.0,0.13,0.0,0.42,0.0,0.0,0.58,0.0
65,12,0.02,0.0,0.0,0.06,0.0,0.04,0.01,0.0,0.19,0.01,0.67,0.0,0.0,0.58,0.08
12,12,0.04,0.0,0.0,0.23,0.0,0.11,0.0,0.01,0.56,0.0,0.75,0.0,0.0,0.75,0.0
8,12,0.07,0.0,0.0,0.02,0.0,0.24,0.01,0.01,0.12,0.0,0.67,0.0,0.0,0.33,0.0
76,12,0.01,0.0,0.0,0.01,0.0,0.03,0.01,0.01,0.04,0.0,0.33,0.08,0.0,0.25,0.0
DSC02287,24,0.0,0.0,0.0,0.0,0.0,0.03,0.0,0.04,0.03,0.01,0.12,0.0,0.04,0.04,0.0
1000032449,20,0.0,0.0,0.0,0.0,0.0,0.0,0.0,0.0,0.02,0.0,0.0,0.0,0.0,0.1,0.0
DSC02175,24,0.01,0.0,0.0,0.02,0.0,0.13,0.0,0.0,0.1,0.01,0.25,0.0,0.0,0.38,0.04
DSC02502,24,0.0,0.0,0.0,0.0,0.0,0.03,0.0,0.01,0.05,0.01,0.08,0.0,0.04,0.12,0.0
75,12,0.0,0.0,0.0,0.0,0.0,0.0,0.0,0.0,0.01,0.0,0.0,0.0,0.0,0.0,0.0
IMG_20260410_135848900_HDR,30,0.04,0.0,0.0,0.0,0.0,0.19,0.0,0.03,0.03,0.02,0.53,0.0,0.07,0.13,0.03
DSC02485,20,0.0,0.0,0.0,0.02,0.0,0.05,0.0,0.0,0.18,0.0,0.1,0.0,0.0,0.35,0.0
69,12,0.16,0.0,0.01,0.03,0.0,0.36,0.0,0.04,0.09,0.0,0.67,0.0,0.17,0.67,0.0
IMG_20260410_135002890_HDR,30,0.07,0.0,0.0,0.2,0.0,0.47,0.02,0.0,0.63,0.05,0.7,0.03,0.0,0.7,0.03
64,9,0.06,0.0,0.0,0.04,0.0,0.17,0.0,0.02,0.18,0.0,0.78,0.0,0.11,0.56,0.0
70,12,0.01,0.0,0.0,0.09,0.01,0.05,0.01,0.0,0.27,0.06,0.42,0.0,0.0,0.67,0.17
IMG_20260413_134809,20,0.05,0.0,0.0,0.03,0.0,0.18,0.02,0.01,0.17,0.0,0.65,0.05,0.1,0.35,0.0
DSC02187,24,0.0,0.0,0.0,0.0,0.0,0.04,0.01,0.0,0.02,0.04,0.17,0.0,0.0,0.04,0.12
48,12,0.02,0.0,0.0,0.0,0.0,0.15,0.02,0.01,0.0,0.0,0.33,0.08,0.08,0.0,0.0
28,12,0.05,0.0,0.0,0.19,0.0,0.17,0.02,0.0,0.47,0.0,0.67,0.08,0.0,0.92,0.0
33,12,0.07,0.0,0.0,0.05,0.0,0.55,0.02,0.0,0.27,0.0,0.33,0.08,0.0,0.5,0.0
IMG_20260410_131430296_HDR,30,0.01,0.0,0.0,0.0,0.0,0.06,0.01,0.01,0.0,0.0,0.2,0.03,0.0,0.0,0.0
68,12,0.02,0.0,0.0,0.0,0.0,0.06,0.01,0.0,0.01,0.0,0.42,0.0,0.0,0.0,0.0
17,12,0.02,0.0,0.0,0.02,0.0,0.1,0.0,0.0,0.06,0.0,0.33,0.0,0.0,0.58,0.0
2026-04-09 17-57-56,18,0.07,0.0,0.0,0.0,0.0,0.44,0.0,0.0,0.0,0.0,0.5,0.0,0.0,0.0,0.0
IMG_20260320_155443,30,0.02,0.0,0.0,0.08,0.0,0.1,0.01,0.0,0.57,0.05,0.4,0.0,0.0,0.33,0.07
56,12,0.03,0.0,0.0,0.01,0.0,0.11,0.02,0.0,0.06,0.0,0.67,0.17,0.0,0.17,0.0
78,12,0.12,0.0,0.01,0.03,0.0,0.32,0.0,0.03,0.11,0.0,0.67,0.0,0.25,0.5,0.0
82,12,0.04,0.0,0.01,0.02,0.0,0.14,0.0,0.09,0.07,0.0,0.58,0.0,0.25,0.5,0.0
IMG_20260410_134759728_HDR,25,0.14,0.02,0.0,0.01,0.0,0.39,0.14,0.01,0.09,0.0,1.0,0.32,0.04,0.28,0.0
DSC02449,20,0.01,0.0,0.0,0.03,0.0,0.09,0.0,0.01,0.22,0.02,0.3,0.0,0.05,0.4,0.05
80,12,0.0,0.0,0.0,0.0,0.0,0.0,0.0,0.0,0.0,0.0,0.0,0.0,0.0,0.0,0.0
6,12,0.06,0.0,0.0,0.0,0.0,0.19,0.0,0.0,0.02,0.0,0.67,0.0,0.0,0.08,0.0
13,9,0.01,0.0,0.0,0.0,0.0,0.07,0.0,0.0,0.0,0.0,0.22,0.0,0.0,0.0,0.0
DSC02251,24,0.02,0.0,0.0,0.0,0.0,0.14,0.0,0.02,0.01,0.0,0.38,0.0,0.12,0.04,0.0
1,12,0.01,0.0,0.0,0.06,0.0,0.07,0.02,0.02,0.18,0.0,0.33,0.17,0.08,0.58,0.0
N-2,8,0.0,0.0,0.0,0.0,0.0,0.01,0.0,0.01,0.02,0.0,0.12,0.0,0.0,0.25,0.0
71,12,0.03,0.0,0.0,0.0,0.0,0.14,0.0,0.01,0.02,0.0,0.5,0.0,0.0,0.17,0.0
DSC02200,24,0.05,0.03,0.0,0.03,0.0,0.28,0.2,0.0,0.17,0.0,0.62,0.5,0.0,0.38,0.0
63,12,0.03,0.0,0.0,0.08,0.0,0.11,0.01,0.0,0.3,0.0,0.75,0.17,0.0,0.58,0.0
18,12,0.01,0.0,0.0,0.0,0.0,0.07,0.0,0.0,0.0,0.0,0.25,0.0,0.0,0.0,0.0
DSC02528,15,0.02,0.0,0.0,0.0,0.0,0.18,0.0,0.01,0.03,0.0,0.4,0.0,0.0,0.13,0.0
IMG_20260410_141818968_HDR,20,0.05,0.02,0.0,0.02,0.0,0.2,0.09,0.0,0.07,0.04,0.7,0.4,0.0,0.5,0.05
DSC02332,24,0.0,0.0,0.0,0.08,0.0,0.01,0.0,0.0,0.31,0.0,0.0,0.0,0.0,0.67,0.0
54,9,0.0,0.0,0.0,0.0,0.0,0.01,0.0,0.01,0.01,0.0,0.11,0.0,0.11,0.0,0.0
59,12,0.02,0.0,0.0,0.0,0.0,0.08,0.02,0.0,0.0,0.0,0.5,0.17,0.0,0.0,0.0
IMG_20260410_142320127_HDR,10,0.01,0.0,0.0,0.0,0.0,0.04,0.0,0.0,0.02,0.0,0.3,0.0,0.0,0.1,0.0
7,12,0.02,0.01,0.0,0.01,0.0,0.06,0.02,0.0,0.04,0.0,0.5,0.33,0.0,0.33,0.0
49,12,0.05,0.1,0.0,0.0,0.0,0.33,0.38,0.0,0.0,0.0,0.5,0.42,0.0,0.0,0.0
5,12,0.02,0.0,0.0,0.0,0.0,0.09,0.0,0.01,0.02,0.0,0.42,0.0,0.0,0.08,0.0
55,12,0.02,0.0,0.0,0.05,0.0,0.13,0.0,0.01,0.23,0.0,0.33,0.0,0.17,0.25,0.0
50,12,0.03,0.0,0.0,0.01,0.0,0.16,0.0,0.0,0.06,0.0,0.5,0.0,0.0,0.25,0.0
38,9,0.15,0.0,0.0,0.05,0.0,0.51,0.0,0.0,0.2,0.0,0.67,0.0,0.0,0.44,0.0
42,12,0.01,0.0,0.0,0.12,0.0,0.06,0.0,0.0,0.32,0.0,0.5,0.0,0.0,0.83,0.0
4,12,0.07,0.0,0.0,0.0,0.0,0.24,0.0,0.04,0.01,0.0,0.58,0.0,0.17,0.17,0.0
