building_name,num_tiles,coating_deterioration_mean,coating_deterioration_max,coating_deterioration_prevalence,coating_deterioration_std,coating_deterioration_q75,coating_deterioration_skewness,coating_deterioration_concentration,coating_deterioration_severity_coverage,cracks_mean,cracks_max,cracks_prevalence,cracks_std,cracks_q75,cracks_skewness,cracks_concentration,cracks_severity_coverage,masonry_degradation_mean,masonry_degradation_max,masonry_degradation_prevalence,masonry_degradation_std,masonry_degradation_q75,masonry_degradation_skewness,masonry_degradation_concentration,masonry_degradation_severity_coverage,moisture_bio_damage_mean,moisture_bio_damage_max,moisture_bio_damage_prevalence,moisture_bio_damage_std,moisture_bio_damage_q75,moisture_bio_damage_skewness,moisture_bio_damage_concentration,moisture_bio_damage_severity_coverage,vandalism_mean,vandalism_max,vandalism_prevalence,vandalism_std,vandalism_q75,vandalism_skewness,vandalism_concentration,vandalism_severity_coverage
DSC02518,24,0.0063,0.0357,0.0,0.0092,0.0086,1.8683,5.6975,0.0,0.0002,0.0022,0.0,0.0005,0.0,3.0543,12.5883,0.0,0.0023,0.0202,0.0,0.0045,0.0024,2.7746,8.7897,0.0,0.0613,0.3428,0.25,0.1047,0.0475,1.6541,5.5882,0.0857,0.0011,0.0133,0.0,0.0029,0.0001,3.3036,12.4639,0.0
2026-04-09 17-36-25,12,0.0161,0.0548,0.1667,0.0187,0.0226,1.0639,3.4077,0.0091,0.0001,0.0009,0.0,0.0003,0.0001,2.0321,6.5402,0.0,0.0007,0.004,0.0,0.0013,0.0004,1.8382,6.0485,0.0,0.0108,0.0569,0.0833,0.017,0.0115,1.6986,5.2847,0.0047,0.0001,0.0004,0.0,0.0001,0.0,2.0781,7.4315,0.0
IMG_20260410_142531328_HDR 2,12,0.0347,0.123,0.4167,0.0375,0.057,0.9944,3.5482,0.0513,0.0004,0.0023,0.0,0.0007,0.0004,1.7256,5.8227,0.0,0.0024,0.0119,0.0,0.0041,0.0021,1.6704,5.0439,0.0,0.0153,0.0687,0.0833,0.0208,0.0199,1.5215,4.4841,0.0057,0.0034,0.0185,0.0,0.0064,0.0019,1.6938,5.4341,0.0
62,12,0.079,0.2156,0.5,0.0775,0.1309,0.4853,2.7305,0.1078,0.0041,0.0161,0.0,0.0053,0.0067,1.0384,3.9297,0.0,0.0031,0.0265,0.0,0.0072,0.0024,2.8635,8.6074,0.0,0.001,0.0081,0.0,0.0023,0.0003,2.4392,8.0153,0.0,0.0023,0.0234,0.0,0.0065,0.0,2.8874,10.3247,0.0
DSC02333,24,0.0021,0.0211,0.0,0.0047,0.0011,2.9449,9.9065,0.0,0.0002,0.0019,0.0,0.0005,0.0001,2.8136,9.3635,0.0,0.0006,0.0048,0.0,0.0011,0.0007,2.6841,8.6698,0.0,0.0175,0.1444,0.0833,0.0376,0.0128,2.6647,8.2543,0.012,0.0,0.0,0.0,0.0,0.0,,0.0,0.0
IMG_20260320_154256,30,0.0033,0.0254,0.0,0.0068,0.0018,2.1967,7.648,0.0,0.0,0.0007,0.0,0.0001,0.0,4.5039,21.6117,0.0,0.0007,0.0117,0.0,0.0022,0.0003,4.397,16.6815,0.0,0.0247,0.0949,0.2667,0.0295,0.0449,0.9611,3.8465,0.0253,0.0003,0.0076,0.0,0.0014,0.0,4.8515,22.2785,0.0
DSC02315,24,0.0308,0.2552,0.1667,0.0561,0.0231,2.8561,8.2765,0.0425,0.0026,0.0256,0.0,0.0058,0.0016,2.8157,9.8892,0.0,0.0082,0.1358,0.0417,0.0279,0.0014,4.0309,16.4881,0.0057,0.0528,0.1606,0.4167,0.0537,0.1037,0.5278,3.0402,0.0669,0.0001,0.0017,0.0,0.0003,0.0,4.5873,23.6625,0.0
DSC02470,24,0.0103,0.0651,0.0417,0.0182,0.0055,1.8268,6.3434,0.0027,0.0007,0.0088,0.0,0.0019,0.0001,3.3938,12.7862,0.0,0.0002,0.003,0.0,0.0006,0.0002,3.4783,11.9327,0.0,0.0039,0.0901,0.0417,0.018,0.0001,4.5863,23.3769,0.0038,0.0,0.0,0.0,0.0,0.0,,0.0,0.0
DSC02547,42,0.0069,0.0353,0.0,0.0086,0.0118,1.4864,5.1401,0.0,0.0006,0.0046,0.0,0.0012,0.0005,1.9549,7.1837,0.0,0.0008,0.022,0.0,0.0034,0.0,5.8129,28.6588,0.0,0.011,0.0815,0.0714,0.0204,0.0109,2.0536,7.4107,0.0058,0.0016,0.0192,0.0,0.0043,0.0,2.8986,12.1983,0.0
IMG_20260318_131235096_HDR,20,0.0758,0.2913,0.45,0.0761,0.1353,1.3004,3.8431,0.1311,0.0015,0.0088,0.0,0.0024,0.0015,1.7841,6.067,0.0,0.0004,0.0034,0.0,0.0009,0.0003,2.1235,7.6708,0.0,0.0223,0.1719,0.15,0.0389,0.0249,2.8546,7.709,0.0258,0.0003,0.0055,0.0,0.0012,0.0,4.1295,19.9274,0.0
44,12,0.006,0.0403,0.0,0.011,0.0085,2.4619,6.6819,0.0,0.0041,0.029,0.0,0.0081,0.0031,2.4231,7.1187,0.0,0.0003,0.0031,0.0,0.0009,0.0,2.7296,9.4627,0.0,0.0004,0.0026,0.0,0.0008,0.0003,2.1164,6.3037,0.0,0.0002,0.0029,0.0,0.0008,0.0,3.0151,11.9498,0.0
IMG_20260410_141549751_HDR,20,0.0998,0.479,0.7,0.1075,0.1317,2.0661,4.799,0.3353,0.0046,0.0783,0.05,0.017,0.0005,4.0523,16.8764,0.0039,0.0061,0.0959,0.05,0.0207,0.002,4.0298,15.6074,0.0048,0.0324,0.2156,0.15,0.0596,0.0229,2.2238,6.66,0.0323,0.0003,0.0033,0.0,0.0009,0.0,2.7366,10.6639,0.0
IMG_20260317_113656168_HDR,30,0.078,0.3584,0.4333,0.0943,0.1527,1.3397,4.5965,0.1553,0.0137,0.0595,0.0333,0.0159,0.0171,1.3614,4.3452,0.002,0.0005,0.0035,0.0,0.0009,0.0006,1.6684,6.4278,0.0,0.0023,0.0199,0.0,0.0054,0.0009,2.4773,8.5083,0.0,0.0003,0.0047,0.0,0.001,0.0,3.8332,18.6681,0.0
DSC02466,24,0.0455,0.1812,0.3333,0.0576,0.0616,1.228,3.9834,0.0604,0.0001,0.001,0.0,0.0002,0.0001,2.8447,9.1331,0.0,0.0049,0.0533,0.0417,0.011,0.0052,3.5342,10.9535,0.0022,0.035,0.1797,0.25,0.0556,0.0403,1.4389,5.1339,0.0449,0.0001,0.0006,0.0,0.0002,0.0,2.4371,9.7741,0.0
DSC02438,24,0.0011,0.0125,0.0,0.0026,0.0009,3.6858,11.659,0.0,0.0007,0.0053,0.0,0.0014,0.0004,2.1466,7.4053,0.0,0.0003,0.0022,0.0,0.0006,0.0001,2.239,8.1064,0.0,0.0177,0.1148,0.125,0.0281,0.0196,2.1564,6.4748,0.0143,0.0002,0.002,0.0,0.0005,0.0,2.1258,8.2294,0.0
IMG_20260410_140444559_HDR,30,0.0087,0.0573,0.0667,0.016,0.0072,2.1801,6.595,0.0038,0.0007,0.0059,0.0,0.0014,0.0002,2.177,8.3763,0.0,0.0043,0.0296,0.0,0.0074,0.0053,2.0186,6.9561,0.0,0.0138,0.0856,0.1,0.0243,0.0114,1.8414,6.2213,0.0086,0.0023,0.0182,0.0,0.0037,0.0036,2.7261,7.9495,0.0
31,12,0.0663,0.284,0.3333,0.0956,0.0815,1.3245,4.2849,0.0947,0.001,0.0115,0.0,0.0032,0.0,3.014,11.8194,0.0,0.0001,0.0008,0.0,0.0002,0.0001,1.9777,6.6225,0.0,0.098,0.261,0.5,0.1036,0.1707,0.4161,2.6638,0.1305,0.0,0.0,0.0,0.0,0.0,,0.0,0.0
2026-04-02 17-26-12,36,0.0166,0.175,0.1111,0.0378,0.0082,2.799,10.5627,0.0194,0.0001,0.002,0.0,0.0003,0.0,4.7685,21.429,0.0,0.0013,0.0318,0.0,0.0053,0.0003,5.4028,24.2191,0.0,0.0109,0.1138,0.0833,0.027,0.0067,3.0575,10.4633,0.0095,0.0003,0.0106,0.0,0.0017,0.0,5.7222,32.3671,0.0
DSC02515,42,0.0152,0.1163,0.119,0.0251,0.0185,2.2179,7.6737,0.0138,0.0419,0.3563,0.2619,0.0756,0.0547,2.347,8.4951,0.0933,0.0008,0.0201,0.0,0.0032,0.0,5.5314,26.4124,0.0,0.004,0.0549,0.0476,0.0125,0.0002,3.3595,13.7126,0.0026,0.0012,0.0361,0.0,0.0058,0.0,5.4057,30.9609,0.0
DSC02556,36,0.01,0.0503,0.0278,0.0155,0.0115,1.6326,5.0199,0.0014,0.0082,0.0508,0.0278,0.0127,0.0133,1.7305,6.1696,0.0014,0.0024,0.0341,0.0,0.0062,0.0017,4.0195,14.2496,0.0,0.0103,0.0911,0.0833,0.0218,0.0061,2.5305,8.8777,0.0076,0.0008,0.0118,0.0,0.0022,0.0007,3.8558,14.2137,0.0
DSC02216,24,0.0221,0.1701,0.1667,0.039,0.0232,2.4618,7.6887,0.0284,0.0002,0.0016,0.0,0.0004,0.0,2.3603,8.3402,0.0,0.0057,0.0552,0.0417,0.0151,0.0004,2.5825,9.6891,0.0023,0.1839,0.6981,0.5833,0.1917,0.2604,0.9777,3.7965,0.4072,0.0027,0.0462,0.0,0.0094,0.0,4.175,17.2813,0.0
DSC02278,24,0.0165,0.2481,0.0833,0.0512,0.0057,3.9285,15.06,0.0207,0.0036,0.0397,0.0,0.0096,0.0006,2.9188,11.0354,0.0,0.0001,0.0012,0.0,0.0003,0.0,2.3251,8.5168,0.0,0.0101,0.0964,0.125,0.0253,0.0002,2.4413,9.5638,0.012,0.0018,0.0128,0.0,0.0036,0.0006,1.8131,7.0389,0.0
IMG_20260410_141005863_HDR,30,0.3206,0.664,0.7667,0.2329,0.5479,-0.0544,2.0712,0.5091,0.0102,0.1621,0.0667,0.0342,0.001,3.6659,15.9136,0.0108,0.0041,0.0488,0.0,0.0106,0.0018,3.2325,11.937,0.0,0.0726,0.3568,0.3,0.1124,0.0691,1.4765,4.9144,0.107,0.0026,0.0358,0.0,0.008,0.0001,3.4034,13.7246,0.0
IMG_20260410_140737889_HDR,16,0.1165,0.3398,0.5625,0.1122,0.1928,0.6782,2.9168,0.1911,0.0034,0.0362,0.0,0.0087,0.0031,3.3959,10.7914,0.0,0.0015,0.01,0.0,0.0027,0.0017,2.0921,6.5567,0.0,0.0187,0.0915,0.1875,0.0323,0.0132,1.5316,4.9047,0.0172,0.0008,0.0072,0.0,0.0019,0.0,2.4922,8.9808,0.0
IMG_20260315_150549079_HDR,30,0.0124,0.0833,0.1,0.0234,0.0096,1.9273,6.7011,0.0083,0.0013,0.0151,0.0,0.0036,0.0002,3.2162,11.9714,0.0,0.0028,0.0355,0.0,0.0068,0.0015,3.8478,12.8461,0.0,0.106,0.5512,0.3333,0.1758,0.1296,1.4095,5.2015,0.1837,0.0011,0.0263,0.0,0.0047,0.0,5.0864,24.3797,0.0
IMG_20260320_153217,30,0.023,0.1362,0.1667,0.0353,0.0261,1.8092,5.911,0.0227,0.006,0.0295,0.0,0.0078,0.0079,1.5461,4.9152,0.0,0.0001,0.0019,0.0,0.0004,0.0,3.3981,13.1039,0.0,0.0079,0.0722,0.0333,0.0156,0.0068,2.8687,9.1948,0.0024,0.0023,0.0371,0.0,0.0071,0.0002,4.1107,16.4147,0.0
DSC02253,24,0.0038,0.0293,0.0,0.0079,0.0012,2.1275,7.6895,0.0,0.0012,0.0075,0.0,0.002,0.0013,1.705,6.154,0.0,0.0006,0.0041,0.0,0.001,0.0007,2.2867,7.2677,0.0,0.0007,0.0161,0.0,0.0032,0.0,4.58,22.8739,0.0,0.0001,0.0023,0.0,0.0005,0.0,4.1727,17.7941,0.0
IMG_20260410_134923210_HDR,30,0.1035,0.3239,0.5,0.1049,0.1727,0.8507,3.1296,0.162,0.004,0.022,0.0,0.0065,0.0052,1.4883,5.4891,0.0,0.0011,0.0177,0.0,0.0034,0.0004,4.0261,16.0073,0.0,0.1076,0.4852,0.5,0.1441,0.1344,1.4341,4.5091,0.2426,0.0001,0.0023,0.0,0.0004,0.0,5.1995,29.6173,0.0
IMG_20260410_140248530_HDR,30,0.0594,0.25,0.3667,0.0767,0.0946,1.2515,4.2079,0.0917,0.0023,0.0185,0.0,0.0042,0.0017,2.5039,8.1984,0.0,0.0047,0.0497,0.0,0.0124,0.0032,3.1544,10.6727,0.0,0.0417,0.2487,0.3,0.0711,0.0607,1.5623,5.9671,0.0746,0.0029,0.0426,0.0,0.0084,0.0019,3.8684,14.8722,0.0
DSC02420,42,0.0121,0.1124,0.0714,0.0216,0.017,2.836,9.2957,0.008,0.0019,0.0156,0.0,0.0034,0.0025,2.3406,8.1964,0.0,0.0027,0.0229,0.0,0.0053,0.0022,2.2709,8.395,0.0,0.0036,0.0316,0.0,0.0086,0.0016,2.3916,8.7208,0.0,0.0018,0.0184,0.0,0.0041,0.0008,2.6517,10.5069,0.0
DSC02369,24,0.0009,0.0202,0.0,0.004,0.0,4.5384,21.2897,0.0,0.0002,0.0025,0.0,0.0006,0.0,3.0984,12.0884,0.0,0.0006,0.0083,0.0,0.0018,0.0,3.5654,13.1533,0.0,0.002,0.0458,0.0,0.0091,0.0,4.5862,23.4558,0.0,0.0,0.0004,0.0,0.0001,0.0,3.2083,12.2957,0.0
DSC02574,24,0.0031,0.023,0.0,0.0059,0.0026,2.1821,7.4967,0.0,0.0006,0.0096,0.0,0.0021,0.0,3.5495,14.7667,0.0,0.0007,0.0045,0.0,0.0014,0.0001,1.9298,6.859,0.0,0.0003,0.0021,0.0,0.0005,0.0003,2.5366,7.9087,0.0,0.0024,0.011,0.0,0.0037,0.0065,1.0895,4.6158,0.0
DSC02171,24,0.0004,0.0055,0.0,0.0013,0.0,3.1874,12.6703,0.0,0.0002,0.0012,0.0,0.0004,0.0,2.1702,7.0786,0.0,0.0006,0.0096,0.0,0.002,0.0,3.6761,14.9207,0.0,0.0048,0.0352,0.0,0.0104,0.0011,2.0571,7.3137,0.0,0.0033,0.0606,0.0417,0.0121,0.0009,4.3949,18.316,0.0025
60,12,0.022,0.1223,0.1667,0.0447,0.0062,1.7422,5.5464,0.0204,0.0027,0.0183,0.0,0.005,0.003,2.3773,6.7864,0.0,0.0,0.0002,0.0,0.0,0.0,3.0151,11.1821,0.0,0.0384,0.2826,0.1667,0.0863,0.0041,2.0788,7.3491,0.0471,0.0,0.0,0.0,0.0,0.0,,0.0,0.0
N-1,12,0.0812,0.2615,0.5,0.0933,0.1146,0.9539,3.2209,0.1307,0.004,0.0456,0.0,0.0125,0.0004,3.0129,11.4639,0.0,0.0005,0.0032,0.0,0.0009,0.0004,2.4212,6.96,0.0,0.0008,0.0052,0.0,0.0016,0.0005,1.8342,6.1224,0.0,0.0002,0.001,0.0,0.0003,0.0,1.8583,6.6856,0.0
1000032462,24,0.0181,0.1404,0.125,0.0346,0.0125,2.4426,7.7546,0.0175,0.0084,0.0437,0.0,0.0127,0.0127,1.7071,5.2089,0.0,0.0041,0.0576,0.0417,0.0125,0.0019,3.5436,13.9935,0.0024,0.0005,0.0066,0.0,0.0014,0.0002,3.7067,12.9589,0.0,0.0007,0.0079,0.0,0.0017,0.0005,3.328,10.7816,0.0
Маяковского 22 24,30,0.0287,0.1767,0.1667,0.0438,0.0375,1.9153,6.1492,0.0294,0.0017,0.0114,0.0,0.003,0.0016,1.9096,6.8338,0.0,0.0093,0.088,0.0333,0.0204,0.0037,2.4723,9.4371,0.0029,0.0121,0.1309,0.1,0.0288,0.0035,2.8411,10.8061,0.0131,0.0,0.0012,0.0,0.0002,0.0,5.0382,24.5113,0.0
DSC02309,24,0.0327,0.1654,0.125,0.0513,0.044,1.8197,5.0663,0.0207,0.0005,0.0051,0.0,0.0014,0.0,2.9069,10.7028,0.0,0.0013,0.0079,0.0,0.0024,0.0007,1.6261,6.0494,0.0,0.1175,0.2682,0.5833,0.1017,0.2049,0.0284,2.2832,0.1565,0.001,0.0147,0.0,0.0033,0.0,3.3529,15.0165,0.0
DSC02499,24,0.0138,0.0775,0.0833,0.0215,0.0173,1.9587,5.601,0.0065,0.0001,0.0019,0.0,0.0004,0.0,3.2248,12.9744,0.0,0.0005,0.0098,0.0,0.002,0.0,4.4666,20.1756,0.0,0.003,0.0288,0.0,0.0078,0.0005,2.7003,9.5571,0.0,0.0048,0.0313,0.0,0.0085,0.0035,1.9254,6.5914,0.0
DSC02189,24,0.0051,0.0595,0.0417,0.0128,0.0038,3.4033,11.6569,0.0025,0.0001,0.0017,0.0,0.0004,0.0,4.2098,18.2421,0.0,0.0,0.0007,0.0,0.0002,0.0,3.5707,15.7208,0.0,0.014,0.1304,0.0833,0.0298,0.0072,2.6499,9.3036,0.0109,0.0007,0.0063,0.0,0.0016,0.0001,2.5055,9.6989,0.0
IMG_20260410_135220097_HDR,30,0.1972,0.5999,0.7,0.1762,0.2481,0.8161,3.0414,0.4199,0.0017,0.0227,0.0,0.0044,0.001,3.7405,13.2271,0.0,0.0007,0.0147,0.0,0.0026,0.0004,4.9458,20.0018,0.0,0.0243,0.1682,0.2,0.0412,0.0347,1.8963,6.9266,0.0336,0.0009,0.0113,0.0,0.0023,0.0,3.2859,13.1284,0.0
DSC02364,24,0.0054,0.0213,0.0,0.0068,0.0056,1.434,3.9163,0.0,0.008,0.0546,0.0417,0.014,0.0094,2.123,6.8148,0.0023,0.0006,0.0035,0.0,0.0011,0.0008,1.6817,5.6461,0.0,0.0187,0.1335,0.1667,0.0323,0.0216,2.1816,7.1366,0.0223,0.0001,0.0013,0.0,0.0003,0.0001,2.5457,9.1134,0.0
IMG_20260320_153746,30,0.0318,0.2444,0.2,0.0565,0.0182,2.4001,7.6846,0.0489,0.0025,0.0205,0.0,0.0046,0.003,2.7355,8.1682,0.0,0.0051,0.0609,0.0333,0.0134,0.0028,3.3602,11.9747,0.002,0.0043,0.043,0.0,0.0093,0.0048,2.7994,9.9423,0.0,0.002,0.0434,0.0,0.0078,0.0003,5.015,21.5792,0.0
IMG_20260410_140030448_HDR,30,0.0059,0.0933,0.0333,0.0178,0.001,4.1098,15.9242,0.0031,0.0004,0.0057,0.0,0.0012,0.0,3.4977,14.2508,0.0,0.0022,0.0332,0.0,0.0065,0.0001,3.8557,14.9901,0.0,0.0499,0.2164,0.4,0.0654,0.086,1.1432,4.3341,0.0865,0.0034,0.0327,0.0,0.0066,0.0051,3.0515,9.5355,0.0
IMG_20260413_114127,25,0.0144,0.091,0.08,0.0213,0.0168,2.4059,6.3245,0.0073,0.0015,0.0101,0.0,0.0025,0.002,2.1858,6.5457,0.0,0.0005,0.0091,0.0,0.0018,0.0,4.3043,19.6803,0.0,0.0098,0.1123,0.04,0.0229,0.0043,3.6264,11.4176,0.0045,0.0004,0.0067,0.0,0.0015,0.0,3.5825,15.7456,0.0
DSC02356,42,0.0027,0.018,0.0,0.0044,0.0029,1.9844,6.5737,0.0,0.0044,0.0497,0.0,0.0096,0.0029,3.1502,11.3334,0.0,0.0008,0.0252,0.0,0.0039,0.0001,5.9554,29.9439,0.0,0.0008,0.0085,0.0,0.002,0.0002,2.76,10.9783,0.0,0.0014,0.0283,0.0,0.0048,0.0001,4.5456,20.5652,0.0
IMG_20260318_075658475_HDR,28,0.0324,0.1832,0.2143,0.0534,0.0277,1.7741,5.6587,0.0393,0.0053,0.0429,0.0,0.0108,0.003,2.2474,8.0771,0.0,0.0005,0.0049,0.0,0.0009,0.0006,3.6894,9.8929,0.0,0.034,0.184,0.2857,0.0492,0.0519,1.7218,5.4175,0.0526,0.002,0.0244,0.0,0.0061,0.0,2.8981,11.9945,0.0
улица Восстания 25,30,0.0216,0.2192,0.1333,0.0438,0.0202,3.2461,10.1487,0.0292,0.0035,0.0158,0.0,0.0047,0.0065,1.1257,4.5035,0.0,0.0,0.0,0.0,0.0,0.0,5.1995,4.0541,0.0,0.0144,0.1083,0.0667,0.0269,0.0132,2.391,7.51,0.0072,0.0001,0.002,0.0,0.0004,0.0,3.7262,17.6122,0.0
DSC02527,20,0.0141,0.1232,0.05,0.0265,0.015,3.4521,8.7133,0.0062,0.0011,0.0146,0.0,0.0033,0.0,3.4217,13.8316,0.0,0.0013,0.01,0.0,0.0024,0.0011,2.6014,7.8484,0.0,0.0008,0.0057,0.0,0.0016,0.0005,1.9262,6.803,0.0,0.0003,0.0037,0.0,0.0009,0.0,2.9153,11.4737,0.0
DSC02143,42,0.0231,0.2441,0.119,0.0474,0.0279,3.2741,10.5485,0.0291,0.0007,0.0052,0.0,0.0013,0.0004,2.0556,7.7749,0.0,0.0003,0.0046,0.0,0.0009,0.0,3.668,15.9343,0.0,0.0076,0.0734,0.0238,0.0174,0.001,2.2853,9.6676,0.0017,0.0011,0.0222,0.0,0.0036,0.0,4.8218,19.2979,0.0
IMG_20260410_135356374_HDR,30,0.1439,0.5095,0.4,0.1777,0.3221,0.7419,3.5417,0.2038,0.0033,0.0228,0.0,0.0051,0.0046,2.1241,6.8346,0.0,0.0026,0.037,0.0,0.0071,0.0009,3.9322,14.1928,0.0,0.0317,0.181,0.2333,0.0506,0.0434,1.5733,5.7142,0.0422,0.0006,0.0125,0.0,0.0023,0.0,4.7917,21.411,0.0
9,12,0.0847,0.3536,0.4167,0.1037,0.1153,1.4363,4.1748,0.1473,0.0026,0.0154,0.0,0.0049,0.0022,1.7537,5.8362,0.0,0.0149,0.0855,0.1667,0.0295,0.0061,1.7586,5.7281,0.0142,0.0297,0.1081,0.25,0.0339,0.0474,0.8372,3.6381,0.027,0.0255,0.1104,0.25,0.0437,0.0258,1.1754,4.3309,0.0276
DSC02391,24,0.0082,0.0686,0.0417,0.0164,0.0107,2.452,8.4078,0.0029,0.0005,0.0045,0.0,0.0012,0.0004,2.4274,8.5693,0.0,0.0009,0.0072,0.0,0.0018,0.0006,2.0987,7.6683,0.0,0.0028,0.0265,0.0,0.0063,0.0023,2.6786,9.5096,0.0,0.0014,0.0184,0.0,0.004,0.0001,3.4056,13.1322,0.0
DSC02270,24,0.0109,0.075,0.0417,0.0179,0.0154,2.1313,6.8933,0.0031,0.0019,0.0112,0.0,0.0035,0.0014,1.6554,5.9399,0.0,0.0001,0.0009,0.0,0.0002,0.0,2.9838,11.55,0.0,0.0001,0.0006,0.0,0.0002,0.0,2.8559,10.71,0.0,0.0001,0.0017,0.0,0.0003,0.0,4.5113,21.4523,0.0
IMG_20260318_115602,24,0.0007,0.0067,0.0,0.0018,0.0,2.4839,9.1676,0.0,0.0006,0.0047,0.0,0.0014,0.0001,2.3885,8.1552,0.0,0.002,0.0253,0.0,0.0059,0.0,3.1389,12.5546,0.0,0.0,0.0003,0.0,0.0001,0.0,4.5873,22.0532,0.0,0.0004,0.0089,0.0,0.0018,0.0,4.5859,23.6142,0.0
DSC02567,42,0.0027,0.025,0.0,0.0062,0.0014,2.6651,9.215,0.0,0.0008,0.0087,0.0,0.002,0.0,2.5686,10.4704,0.0,0.0,0.0007,0.0,0.0001,0.0,3.7178,17.4519,0.0,0.0053,0.0979,0.0238,0.0164,0.0004,4.4652,18.5068,0.0023,0.0002,0.0026,0.0,0.0005,0.0,3.832,17.3371,0.0
IMG_20260410_135231599_HDR,30,0.1917,0.5823,0.9333,0.111,0.2572,1.2894,3.0382,0.5435,0.0052,0.0322,0.0,0.0082,0.0062,2.0358,6.1387,0.0,0.0031,0.068,0.0333,0.0122,0.0006,5.0403,21.5873,0.0023,0.0127,0.0753,0.0333,0.017,0.0157,1.9371,5.9169,0.0025,0.0002,0.0058,0.0,0.001,0.0,5.1995,29.8388,0.0
DSC02416,18,0.0729,0.2306,0.5,0.0756,0.1306,0.674,3.1623,0.1153,0.0034,0.0443,0.0,0.01,0.0025,3.754,12.9073,0.0,0.0028,0.0415,0.0,0.0096,0.0001,3.6545,14.7814,0.0,0.0303,0.1889,0.1667,0.0552,0.034,1.8941,6.2268,0.0315,0.0003,0.0036,0.0,0.0009,0.0,2.7657,11.1802,0.0
32,12,0.0978,0.3191,0.4167,0.1079,0.1991,0.8599,3.263,0.1329,0.0001,0.0015,0.0,0.0004,0.0,2.997,11.2476,0.0,0.0025,0.0301,0.0,0.0083,0.0,3.0148,11.8897,0.0,0.2688,0.5927,1.0,0.1856,0.386,0.5511,2.205,0.5927,0.0,0.0005,0.0,0.0001,0.0,3.0151,11.6925,0.0
DSC02314,24,0.0119,0.1677,0.0833,0.0364,0.0017,3.5348,14.1144,0.014,0.0001,0.0023,0.0,0.0005,0.0,4.5619,22.0153,0.0,0.0011,0.0122,0.0,0.0026,0.0007,3.3124,11.1241,0.0,0.0538,0.2375,0.4167,0.0667,0.0822,1.1735,4.4155,0.099,0.0064,0.0416,0.0,0.0142,0.0,1.8106,6.5484,0.0
DSC02566,42,0.061,0.3038,0.3095,0.0832,0.0759,1.5497,4.982,0.094,0.004,0.0472,0.0,0.0085,0.0032,3.4231,11.9015,0.0,0.0058,0.0576,0.0238,0.0115,0.0055,3.0808,9.9772,0.0014,0.0271,0.2275,0.1667,0.0508,0.0223,2.4435,8.4025,0.0379,0.0012,0.0217,0.0,0.004,0.0002,3.9013,17.4698,0.0
IMG_20260410_141636397_HDR,24,0.2842,0.6628,0.7917,0.2285,0.4923,0.1273,2.3324,0.5247,0.0002,0.002,0.0,0.0005,0.0,2.8392,11.715,0.0,0.0015,0.0154,0.0,0.0034,0.0005,3.0785,10.2555,0.0,0.0173,0.1015,0.1667,0.0319,0.0132,1.7262,5.8619,0.0169,0.0039,0.0723,0.0417,0.0144,0.0009,4.4373,18.4082,0.003
77,9,0.2221,0.5973,0.6667,0.1941,0.3281,0.4872,2.6892,0.3982,0.0002,0.0022,0.0,0.0007,0.0,2.4739,8.8393,0.0,0.0,0.0001,0.0,0.0,0.0,1.2804,4.3246,0.0,0.0222,0.1115,0.2222,0.04,0.0071,1.4495,5.0247,0.0248,0.0,0.0,0.0,0.0,0.0,,0.0,0.0
DSC02244,24,0.0232,0.0813,0.1667,0.0255,0.0315,1.1751,3.5121,0.0136,0.0003,0.0037,0.0,0.0008,0.0003,3.3181,11.0381,0.0,0.0017,0.0195,0.0,0.004,0.0009,3.638,11.2831,0.0,0.0167,0.1632,0.0833,0.0365,0.0167,3.0851,9.7592,0.0136,0.0021,0.0145,0.0,0.0039,0.0017,2.0625,7.0125,0.0
DSC02530,35,0.0232,0.0946,0.1429,0.0238,0.0272,1.5127,4.0723,0.0135,0.0009,0.0097,0.0,0.002,0.0008,3.1565,10.7641,0.0,0.0009,0.0138,0.0,0.0029,0.0001,3.6332,15.1252,0.0,0.0303,0.3147,0.2,0.0605,0.0359,3.1891,10.3709,0.0629,0.0036,0.0371,0.0,0.0087,0.0004,2.5558,10.3521,0.0
57,12,0.0457,0.1558,0.25,0.0515,0.0521,1.2771,3.4111,0.039,0.0006,0.004,0.0,0.0013,0.0001,1.9048,6.652,0.0,0.0028,0.0207,0.0,0.0057,0.0017,2.5617,7.3004,0.0,0.0025,0.0099,0.0,0.0036,0.0027,1.2011,3.9708,0.0,0.0013,0.0081,0.0,0.0026,0.0007,1.8493,6.0393,0.0
DSC02558,24,0.0149,0.0997,0.0833,0.0248,0.0218,2.218,6.6715,0.0083,0.0053,0.0571,0.0417,0.0122,0.005,3.3016,10.7766,0.0024,0.0001,0.0026,0.0,0.0005,0.0,4.4608,19.2948,0.0,0.0113,0.0564,0.0833,0.0166,0.0122,1.6757,4.9806,0.0047,0.0008,0.0083,0.0,0.0021,0.0005,2.8854,10.1266,0.0
IMG_20260410_131627108_HDR,30,0.028,0.1653,0.2333,0.0403,0.0323,1.8964,5.8969,0.0386,0.0004,0.0029,0.0,0.0008,0.0003,1.8535,6.8331,0.0,0.0008,0.0072,0.0,0.0016,0.0009,2.609,9.1513,0.0,0.0,0.0005,0.0,0.0001,0.0,2.9987,12.6936,0.0,0.0014,0.0282,0.0,0.0051,0.0,4.7522,20.6134,0.0
DSC02476,20,0.1105,0.329,0.7,0.0928,0.1311,1.0646,2.9774,0.2303,0.0015,0.0119,0.0,0.0031,0.0008,2.2897,8.0558,0.0,0.0053,0.027,0.0,0.0084,0.0075,1.3207,5.1138,0.0,0.0291,0.2016,0.15,0.0473,0.0388,2.5287,6.9267,0.0302,0.0,0.0002,0.0,0.0,0.0,4.1295,17.9487,0.0
IMG_20260410_131835202_HDR,30,0.0355,0.1942,0.2,0.0496,0.0468,1.9416,5.4683,0.0388,0.0123,0.145,0.1,0.0299,0.0056,3.3052,11.7793,0.0145,0.0009,0.0188,0.0,0.0034,0.0001,4.884,20.957,0.0,0.003,0.0339,0.0,0.0069,0.0019,3.1976,11.1883,0.0,0.0003,0.0036,0.0,0.0008,0.0,2.6726,10.7126,0.0
DSC02193,36,0.0115,0.1485,0.0833,0.03,0.006,3.4702,12.9217,0.0124,0.0024,0.0254,0.0,0.0058,0.0015,2.8707,10.4025,0.0,0.0007,0.0056,0.0,0.0014,0.0003,2.1662,7.9666,0.0,0.0098,0.0768,0.0556,0.017,0.016,2.5349,7.846,0.0043,0.0026,0.0353,0.0,0.0075,0.0,3.0689,13.5202,0.0
IMG_20260410_141717983_HDR,24,0.2021,0.6246,0.6667,0.1996,0.3143,0.8356,3.0903,0.4164,0.0003,0.0033,0.0,0.0008,0.0,2.9152,11.4327,0.0,0.0103,0.0905,0.0833,0.0206,0.0047,2.882,8.812,0.0075,0.0414,0.3243,0.2917,0.0701,0.0565,2.7906,7.8339,0.0946,0.0003,0.004,0.0,0.0009,0.0,3.4722,14.6193,0.0
DSC02168,42,0.0312,0.1642,0.2857,0.0426,0.0536,1.5814,5.2611,0.0469,0.001,0.0097,0.0,0.0021,0.0004,2.4588,10.0947,0.0,0.0008,0.0231,0.0,0.0036,0.0002,5.5453,27.8503,0.0,0.0203,0.1477,0.1429,0.0346,0.0219,2.1031,7.2933,0.0211,0.0038,0.0695,0.0238,0.0112,0.0003,4.8261,18.1276,0.0017
IMG_20260410_132128873_HDR,30,0.0774,0.3692,0.3333,0.1096,0.1281,1.4138,4.7686,0.1231,0.0041,0.049,0.0,0.0103,0.0026,3.2918,11.9115,0.0,0.0027,0.0614,0.0333,0.011,0.0007,5.0958,23.0729,0.002,0.0047,0.0523,0.0333,0.0105,0.0031,3.3363,11.15,0.0017,0.0002,0.0024,0.0,0.0006,0.0,3.466,14.5888,0.0
1000019118,30,0.0152,0.0866,0.1333,0.0274,0.0145,1.6465,5.7135,0.0115,0.0002,0.0041,0.0,0.0008,0.0,4.292,18.2901,0.0,0.0003,0.0037,0.0,0.0008,0.0,2.7283,10.6463,0.0,0.0002,0.0045,0.0,0.0009,0.0,4.4093,21.3021,0.0,0.0023,0.0256,0.0,0.0063,0.0004,3.0964,11.128,0.0
DSC02297,24,0.0358,0.1108,0.3333,0.0371,0.0606,0.6484,3.0978,0.0369,0.0073,0.0353,0.0,0.0102,0.0136,1.3372,4.8137,0.0,0.0165,0.0518,0.0417,0.0152,0.0274,0.6362,3.1435,0.0022,0.0032,0.018,0.0,0.0055,0.0044,1.6207,5.5481,0.0,0.0008,0.0089,0.0,0.0021,0.0,2.778,10.7048,0.0
DSC02554,24,0.0236,0.1209,0.1667,0.0295,0.0367,1.7596,5.1287,0.0201,0.0045,0.0288,0.0,0.0089,0.001,1.9103,6.4643,0.0,0.0045,0.0393,0.0,0.0104,0.0032,2.6434,8.7911,0.0,0.0161,0.1335,0.125,0.0311,0.0132,2.5033,8.2885,0.0167,0.0002,0.0022,0.0,0.0005,0.0,2.7914,11.5481,0.0
IMG_20260318_131740050_HDR,20,0.0039,0.0223,0.0,0.006,0.0059,1.6876,5.678,0.0,0.0178,0.0999,0.2,0.0283,0.0326,1.4855,5.6167,0.02,0.0001,0.0006,0.0,0.0002,0.0001,2.1085,7.3524,0.0,0.0005,0.0079,0.0,0.0017,0.0001,3.7095,14.3077,0.0,0.0,0.0,0.0,0.0,0.0,,0.0,0.0
IMG_20260410_134901908_HDR,30,0.1284,0.4179,0.6333,0.1164,0.2196,0.9186,3.2542,0.2647,0.004,0.0233,0.0,0.0061,0.0047,1.8313,5.8865,0.0,0.0022,0.0315,0.0,0.0061,0.0007,3.7814,14.1189,0.0,0.0912,0.292,0.5,0.0998,0.1712,0.7708,3.2032,0.146,0.0016,0.0357,0.0,0.0066,0.0,4.6235,22.8724,0.0
DSC02453,24,0.0034,0.0227,0.0,0.007,0.0007,1.9502,6.7163,0.0,0.0006,0.0045,0.0,0.0012,0.0005,2.2077,7.3594,0.0,0.0001,0.0008,0.0,0.0002,0.0,3.7553,15.6608,0.0,0.0012,0.0176,0.0,0.0037,0.0,3.6557,14.9475,0.0,0.0037,0.0571,0.0417,0.0119,0.0,3.7911,15.5302,0.0024
IMG_20260320_154755,30,0.034,0.1439,0.2333,0.042,0.048,1.2813,4.2273,0.0336,0.0015,0.0157,0.0,0.0031,0.0014,3.2423,10.4007,0.0,0.0094,0.116,0.0667,0.0242,0.0014,3.3293,12.401,0.0077,0.005,0.0445,0.0,0.0111,0.0035,2.5338,8.9094,0.0,0.0,0.0006,0.0,0.0001,0.0,3.9825,17.7523,0.0
DSC02450,42,0.0226,0.2246,0.119,0.0482,0.0269,3.0872,9.9418,0.0267,0.0004,0.0065,0.0,0.0011,0.0,3.9617,16.0524,0.0,0.0019,0.0432,0.0,0.0073,0.0,4.7088,22.2949,0.0,0.003,0.0563,0.0238,0.009,0.0014,5.0124,18.7709,0.0013,0.0022,0.0192,0.0,0.0044,0.002,2.1463,8.6567,0.0
DSC02211,42,0.0008,0.0185,0.0,0.0031,0.0,4.735,22.4361,0.0,0.0006,0.0051,0.0,0.0013,0.0,2.3714,9.1032,0.0,0.0,0.0011,0.0,0.0002,0.0,5.1455,26.1453,0.0,0.0034,0.1184,0.0238,0.0181,0.0,6.1078,35.0415,0.0028,0.0006,0.0077,0.0,0.0016,0.0,3.2086,13.1782,0.0
1000032450,9,0.0027,0.0113,0.0,0.0037,0.0022,1.4444,4.1813,0.0,0.001,0.0045,0.0,0.0015,0.002,1.334,4.6176,0.0,0.0006,0.0053,0.0,0.0017,0.0,2.4441,8.3032,0.0,0.0001,0.0008,0.0,0.0002,0.0,2.4749,8.8979,0.0,0.0001,0.0006,0.0,0.0002,0.0,2.1326,6.8487,0.0
DSC02152,42,0.0046,0.0419,0.0,0.009,0.0038,2.6033,9.0444,0.0,0.0018,0.0293,0.0,0.0052,0.0008,4.0881,16.3686,0.0,0.0001,0.0012,0.0,0.0002,0.0,3.9957,19.2288,0.0,0.0166,0.1042,0.0952,0.0251,0.02,2.1353,6.2727,0.0099,0.0003,0.0042,0.0,0.0009,0.0,3.156,13.5297,0.0
81,12,0.0734,0.1673,0.6667,0.0494,0.115,0.3576,2.2805,0.1115,0.005,0.0233,0.0,0.0067,0.0063,1.7107,4.6425,0.0,0.0023,0.0088,0.0,0.0026,0.0024,1.4703,3.881,0.0,0.0034,0.0337,0.0,0.0092,0.0009,2.9407,10.0193,0.0,0.0,0.0004,0.0,0.0001,0.0,3.0151,11.6544,0.0
DSC02375,36,0.0325,0.2522,0.2222,0.0589,0.0467,2.0377,7.7571,0.056,0.0015,0.0149,0.0,0.0032,0.0013,2.5927,9.7585,0.0,0.0039,0.0605,0.0278,0.0109,0.0016,4.0911,15.3551,0.0017,0.0286,0.1349,0.2222,0.0328,0.0459,1.2776,4.7095,0.03,0.0,0.0,0.0,0.0,0.0,,0.0,0.0
46,12,0.0067,0.0233,0.0,0.0071,0.0109,0.9124,3.4553,0.0,0.0027,0.0141,0.0,0.0051,0.0014,1.7178,5.2705,0.0,0.0004,0.0042,0.0,0.0012,0.0,2.9518,10.7667,0.0,0.0031,0.0141,0.0,0.0051,0.0036,1.2357,4.6139,0.0,0.0003,0.0034,0.0,0.0009,0.0,2.982,11.0698,0.0
DSC02174,24,0.0404,0.2293,0.25,0.0651,0.0376,1.811,5.6724,0.0573,0.0009,0.0061,0.0,0.0016,0.0005,1.814,6.9947,0.0,0.0002,0.0018,0.0,0.0004,0.0001,3.1192,10.639,0.0,0.2328,0.5551,0.6667,0.1963,0.4074,0.0248,2.3844,0.37,0.0,0.0005,0.0,0.0001,0.0,4.5662,21.3109,0.0
DSC02508,20,0.0076,0.0371,0.0,0.0096,0.0111,1.6622,4.9007,0.0,0.0005,0.0021,0.0,0.0007,0.0006,1.3302,4.5228,0.0,0.0003,0.0031,0.0,0.0008,0.0002,2.8127,9.7393,0.0,0.001,0.0111,0.0,0.0026,0.0002,3.0474,11.1111,0.0,0.0007,0.0087,0.0,0.0021,0.0,3.076,11.9614,0.0
2026-04-09 17-53-21,12,0.0129,0.0695,0.0833,0.0193,0.018,2.0169,5.3755,0.0058,0.0009,0.01,0.0,0.0028,0.0,3.0083,11.4987,0.0,0.0005,0.0035,0.0,0.0011,0.0003,1.9338,6.5034,0.0,0.0,0.0002,0.0,0.0001,0.0,3.0151,11.2608,0.0,0.001,0.0038,0.0,0.0013,0.0018,0.9993,3.6815,0.0
IMG_20260410_135113377_HDR,30,0.1514,0.4433,0.7667,0.1256,0.1901,0.8067,2.9275,0.3399,0.0026,0.0209,0.0,0.0053,0.0029,2.7124,8.1136,0.0,0.0017,0.0259,0.0,0.0049,0.0004,4.0734,15.0117,0.0,0.0706,0.3063,0.4,0.0983,0.1028,1.3194,4.3373,0.1225,0.0025,0.0221,0.0,0.0055,0.0013,2.3598,8.9214,0.0
IMG_20260410_131802350_HDR,30,0.0146,0.1457,0.0667,0.0315,0.0074,3.0036,9.9648,0.0097,0.0011,0.0118,0.0,0.0027,0.0005,3.0864,10.977,0.0,0.0053,0.0481,0.0,0.0114,0.0044,2.8861,9.0938,0.0,0.0046,0.0529,0.0333,0.0115,0.0022,2.9361,11.4186,0.0018,0.0014,0.0214,0.0,0.0042,0.0,3.9135,15.8193,0.0
IMG_20260318_075635475_HDR,20,0.0152,0.1075,0.15,0.0297,0.0124,2.1296,7.0656,0.0161,0.0008,0.0137,0.0,0.003,0.0001,4.0905,17.4388,0.0,0.0068,0.095,0.05,0.021,0.0001,3.7061,13.9328,0.0047,0.0031,0.0376,0.0,0.0087,0.0,3.2053,12.1208,0.0,0.0,0.0,0.0,0.0,0.0,,0.0,0.0
DSC02289,42,0.0022,0.0297,0.0,0.006,0.001,3.3615,13.4003,0.0,0.0007,0.0119,0.0,0.0021,0.0001,4.1341,16.7961,0.0,0.0,0.0004,0.0,0.0001,0.0,2.5881,9.6417,0.0,0.0007,0.0089,0.0,0.0021,0.0,3.1083,12.8442,0.0,0.0001,0.0056,0.0,0.0009,0.0,6.247,41.6892,0.0
IMG_20260410_134825865_HDR,30,0.1626,0.4491,0.7333,0.1391,0.2886,0.568,2.7621,0.3293,0.0016,0.013,0.0,0.0034,0.0014,2.5199,8.261,0.0,0.0065,0.0763,0.0333,0.0147,0.0063,3.6402,11.769,0.0025,0.0695,0.3909,0.3667,0.1071,0.0887,1.6911,5.6244,0.1433,0.0001,0.0011,0.0,0.0003,0.0,2.9961,12.893,0.0
DSC02342,24,0.0199,0.1171,0.125,0.0274,0.0253,2.0546,5.8895,0.0146,0.0005,0.0043,0.0,0.0011,0.0,2.3402,8.8912,0.0,0.0006,0.0043,0.0,0.0011,0.0005,2.2704,7.2442,0.0,0.0094,0.0354,0.0,0.0109,0.015,1.0671,3.7682,0.0,0.0002,0.0032,0.0,0.0007,0.0,3.875,17.3555,0.0
IMG_20260410_142701158_HDR,16,0.0303,0.1377,0.1875,0.0452,0.0319,1.5735,4.5395,0.0258,0.0003,0.0019,0.0,0.0006,0.0003,1.6703,5.771,0.0,0.002,0.0182,0.0,0.0051,0.0001,2.4768,9.2631,0.0,0.0005,0.0048,0.0,0.0012,0.0003,2.6739,8.894,0.0,0.003,0.0216,0.0,0.0066,0.0004,2.1272,7.282,0.0
IMG_20260325_075617182_HDR,20,0.0383,0.1086,0.3,0.0365,0.0593,0.8156,2.8365,0.0326,0.0024,0.0141,0.0,0.0045,0.0014,1.8311,5.9722,0.0,0.0001,0.0007,0.0,0.0002,0.0001,1.7366,6.4352,0.0,0.0793,0.4265,0.45,0.1125,0.111,1.7072,5.3767,0.1919,0.0,0.0,0.0,0.0,0.0,,0.0,0.0
61,12,0.109,0.4803,0.5,0.1516,0.1281,1.401,4.4061,0.2402,0.0021,0.0128,0.0,0.0036,0.0027,2.1141,6.1991,0.0,0.0008,0.0089,0.0,0.0024,0.0,3.0082,11.4515,0.0,0.0065,0.0414,0.0,0.0129,0.0027,1.9272,6.3884,0.0,0.024,0.0565,0.0833,0.0189,0.0355,-0.0649,2.351,0.0047
2026-04-09 17-38-15,28,0.0314,0.2935,0.1429,0.0653,0.0225,2.8972,9.3524,0.0419,0.0016,0.0089,0.0,0.0026,0.0017,1.6184,5.5988,0.0,0.0027,0.0307,0.0,0.006,0.0028,3.5984,11.2078,0.0,0.0083,0.1434,0.0714,0.028,0.0,4.1151,17.222,0.0102,0.0,0.0,0.0,0.0,0.0,,0.0,0.0
IMG_20260318_120221,30,0.0083,0.0405,0.0,0.012,0.0129,1.3937,4.8641,0.0,0.0002,0.003,0.0,0.0006,0.0,3.9412,17.3679,0.0,0.0003,0.0047,0.0,0.0009,0.0001,4.3623,16.5161,0.0,0.0002,0.0036,0.0,0.0007,0.0,3.9198,16.7001,0.0,0.0,0.0009,0.0,0.0002,0.0,5.1966,28.3505,0.0
IMG_20260317_113448622_HDR,30,0.182,0.587,0.5333,0.1961,0.294,0.7705,3.2252,0.3131,0.0003,0.0026,0.0,0.0006,0.0001,2.5274,9.4822,0.0,0.0051,0.0566,0.0333,0.0126,0.0011,2.9742,11.1819,0.0019,0.018,0.1634,0.1,0.0421,0.008,2.7852,9.0919,0.0163,0.0,0.001,0.0,0.0002,0.0,4.9344,24.409,0.0
IMG_20260318_115219,30,0.0141,0.1463,0.1,0.0323,0.0085,2.9593,10.3762,0.0146,0.0013,0.0075,0.0,0.002,0.002,1.8752,5.9199,0.0,0.0054,0.0511,0.0333,0.0114,0.0028,2.5443,9.4505,0.0017,0.0016,0.0293,0.0,0.0055,0.0002,4.3269,17.8504,0.0,0.0001,0.0021,0.0,0.0004,0.0,4.78,20.9835,0.0
2026-04-02 17-25-18,15,0.0838,0.2389,0.4667,0.0787,0.1392,0.7495,2.8516,0.1115,0.0009,0.0036,0.0,0.0013,0.0015,1.1305,4.2124,0.0,0.0024,0.0287,0.0,0.0071,0.0008,3.3946,11.9218,0.0,0.0355,0.243,0.2667,0.063,0.0437,2.3621,6.8485,0.0648,0.0001,0.0016,0.0,0.0004,0.0,3.4694,14.442,0.0
DSC02542,24,0.0103,0.065,0.0417,0.0168,0.0092,2.0284,6.297,0.0027,0.0004,0.0035,0.0,0.001,0.0002,2.5939,8.577,0.0,0.0003,0.0028,0.0,0.0007,0.0001,2.2192,8.3166,0.0,0.003,0.0448,0.0,0.0095,0.0006,3.6964,14.9536,0.0,0.0013,0.0111,0.0,0.0031,0.0003,2.3056,8.3093,0.0
DSC02544,20,0.0045,0.0548,0.05,0.0119,0.0041,3.738,12.1359,0.0027,0.0002,0.0014,0.0,0.0004,0.0,2.0205,7.5608,0.0,0.0006,0.0041,0.0,0.001,0.0004,2.2234,7.3378,0.0,0.0126,0.1096,0.05,0.0262,0.0066,2.6645,8.7108,0.0055,0.001,0.0115,0.0,0.0026,0.0005,3.4535,12.1093,0.0
IMG_20260320_081159910_HDR,20,0.0049,0.0301,0.0,0.0076,0.0078,1.927,6.1218,0.0,0.0052,0.029,0.0,0.0079,0.0071,1.6011,5.6046,0.0,0.0004,0.0041,0.0,0.001,0.0,2.6001,9.7472,0.0,0.0,0.0,0.0,0.0,0.0,4.1295,2.7027,0.0,0.0003,0.0045,0.0,0.001,0.0,3.6327,13.5724,0.0
IMG_20260317_130539386_HDR,30,0.2021,0.7076,0.7,0.2062,0.3097,1.0256,3.5006,0.4953,0.0013,0.0135,0.0,0.0035,0.0001,2.8521,10.5153,0.0,0.0175,0.0929,0.1667,0.027,0.0228,1.502,5.3021,0.0155,0.0009,0.0096,0.0,0.0023,0.0001,2.6757,10.3605,0.0,0.0004,0.0097,0.0,0.0018,0.0,4.4953,21.8754,0.0
27,12,0.0357,0.1536,0.25,0.0462,0.0461,1.4687,4.3074,0.0384,0.0005,0.0029,0.0,0.0009,0.0005,1.5441,5.4691,0.0,0.0,0.0002,0.0,0.0001,0.0,2.253,7.7736,0.0,0.0391,0.1573,0.3333,0.056,0.0719,1.069,4.0227,0.0524,0.0611,0.2439,0.3333,0.0868,0.1003,1.105,3.988,0.0813
35,12,0.0985,0.2586,0.5833,0.0853,0.169,0.4955,2.6241,0.1508,0.0012,0.0067,0.0,0.0023,0.0007,1.7293,5.3825,0.0,0.0,0.0004,0.0,0.0001,0.0,2.4268,8.1407,0.0,0.012,0.1082,0.0833,0.0294,0.0057,2.8663,9.0067,0.009,0.0,0.0,0.0,0.0,0.0,,0.0,0.0
25,12,0.1275,0.2892,0.5833,0.1039,0.2354,0.3372,2.2676,0.1687,0.0005,0.0026,0.0,0.0009,0.0004,1.6916,5.1211,0.0,0.0049,0.016,0.0,0.0053,0.0084,0.6919,3.2596,0.0,0.0274,0.1072,0.1667,0.0373,0.0444,1.1663,3.9186,0.0179,0.0011,0.0122,0.0,0.0033,0.0,2.9905,11.177,0.0
IMG_20260320_154600,30,0.0239,0.1001,0.1333,0.0255,0.0345,1.3277,4.1892,0.0134,0.0031,0.019,0.0,0.0042,0.0043,2.0186,6.0398,0.0,0.0003,0.0031,0.0,0.0008,0.0,2.5178,9.4516,0.0,0.0069,0.0473,0.0,0.0114,0.0108,1.9539,6.8247,0.0,0.0001,0.0015,0.0,0.0003,0.0,3.5333,14.7571,0.0
IMG_20260320_153530,30,0.0524,0.1905,0.3333,0.054,0.083,1.1102,3.6352,0.0635,0.0021,0.0089,0.0,0.0026,0.0034,1.2319,4.1589,0.0,0.006,0.0312,0.0,0.0089,0.0084,1.6199,5.2023,0.0,0.0017,0.042,0.0,0.0075,0.0002,5.0691,24.5564,0.0,0.0032,0.0309,0.0,0.0075,0.0006,2.4295,9.5255,0.0
67,12,0.021,0.0504,0.0833,0.019,0.0407,0.4706,2.3957,0.0042,0.0082,0.0382,0.0,0.014,0.0058,1.5076,4.6637,0.0,0.0005,0.0045,0.0,0.0012,0.0001,2.9123,9.7852,0.0,0.0854,0.2569,0.5833,0.083,0.1277,0.6207,3.0096,0.1499,0.0,0.0,0.0,0.0,0.0,,0.0,0.0
DSC02393,24,0.0073,0.0336,0.0,0.0092,0.0107,1.4298,4.5821,0.0,0.0003,0.005,0.0,0.001,0.0001,3.871,14.6273,0.0,0.0002,0.0021,0.0,0.0005,0.0001,2.4437,8.7055,0.0,0.055,0.3008,0.25,0.1009,0.0321,1.5518,5.4658,0.0752,0.0005,0.0078,0.0,0.0016,0.0002,4.1985,15.824,0.0
20,9,0.0155,0.0461,0.0,0.015,0.0175,0.9741,2.9811,0.0,0.0005,0.0027,0.0,0.0009,0.0001,1.7207,5.8468,0.0,0.0008,0.0062,0.0,0.0019,0.0001,2.4329,8.0938,0.0,0.0087,0.0345,0.0,0.011,0.013,1.2764,3.9631,0.0,0.0014,0.0106,0.0,0.0033,0.0,2.3295,7.5916,0.0
DSC02209,30,0.0034,0.0255,0.0,0.0063,0.0028,2.2548,7.5935,0.0,0.0004,0.0047,0.0,0.0012,0.0,2.721,10.464,0.0,0.0004,0.0066,0.0,0.0013,0.0,3.726,15.1694,0.0,0.074,0.3356,0.2667,0.1089,0.1122,1.2931,4.5334,0.0895,0.0035,0.0579,0.0333,0.0114,0.0001,3.9722,16.4532,0.0019
IMG_20260410_131927127_HDR,30,0.0108,0.0621,0.1,0.018,0.0081,1.8767,5.7651,0.0062,0.001,0.0058,0.0,0.0016,0.0008,1.8103,6.0237,0.0,0.0003,0.0027,0.0,0.0006,0.0001,2.8049,10.5878,0.0,0.0043,0.038,0.0,0.0103,0.0013,2.3279,8.7757,0.0,0.0016,0.0154,0.0,0.004,0.0,2.459,9.5544,0.0
DSC02404,24,0.0497,0.1905,0.3333,0.0567,0.0915,1.0055,3.8295,0.0635,0.0038,0.0196,0.0,0.0057,0.0073,1.5028,5.222,0.0,0.0012,0.0113,0.0,0.0027,0.0005,2.5701,9.1042,0.0,0.0039,0.0289,0.0,0.008,0.0019,2.3738,7.4668,0.0,0.0005,0.0035,0.0,0.001,0.0005,2.1089,6.5441,0.0
DSC02271,24,0.0196,0.2491,0.125,0.0511,0.0085,3.7704,12.701,0.0311,0.0099,0.0831,0.0833,0.0211,0.0039,2.3103,8.3931,0.0069,0.0002,0.0033,0.0,0.0007,0.0,3.8287,14.3261,0.0,0.0058,0.0358,0.0,0.011,0.0048,1.9839,6.1841,0.0,0.0005,0.0071,0.0,0.0015,0.0,3.6353,14.6154,0.0
IMG_20260410_142628731_HDR,18,0.0514,0.1261,0.4444,0.0465,0.0976,0.4087,2.4532,0.0561,0.0022,0.0153,0.0,0.0042,0.001,2.1178,6.9502,0.0,0.0004,0.0018,0.0,0.0006,0.0003,1.4486,4.5186,0.0,0.0236,0.0999,0.2778,0.0355,0.0491,1.0607,4.2389,0.0277,0.0004,0.007,0.0,0.0016,0.0,3.88,17.7163,0.0
IMG_20260410_135750395_HDR,30,0.1099,0.331,0.7,0.0953,0.1725,0.5923,3.0129,0.2317,0.0034,0.0322,0.0,0.0064,0.0033,3.1732,9.5286,0.0,0.0011,0.0125,0.0,0.003,0.0005,3.2596,11.2684,0.0,0.0353,0.3372,0.1667,0.0753,0.0236,2.8504,9.5646,0.0562,0.0021,0.0206,0.0,0.0057,0.0,2.6,10.023,0.0
DSC02250,42,0.0057,0.0634,0.0476,0.0143,0.0014,2.8039,11.0835,0.003,0.0007,0.0136,0.0,0.0022,0.0002,4.9323,19.2361,0.0,0.0044,0.1326,0.0238,0.0207,0.0002,5.6967,30.3611,0.0032,0.0009,0.0155,0.0,0.0029,0.0,3.8799,17.0097,0.0,0.0,0.0001,0.0,0.0,0.0,5.2655,22.611,0.0
IMG_20260320_151341,30,0.0174,0.0827,0.1,0.022,0.0198,1.5036,4.747,0.0083,0.0034,0.0115,0.0,0.0039,0.0062,0.8059,3.3505,0.0,0.0002,0.0029,0.0,0.0006,0.0,3.616,13.6033,0.0,0.0305,0.2037,0.2333,0.0538,0.0369,1.8619,6.6717,0.0475,0.0001,0.0013,0.0,0.0003,0.0,3.7007,16.4842,0.0
DSC02422,36,0.0535,0.2525,0.3333,0.0673,0.09,1.3789,4.7177,0.0842,0.0008,0.0078,0.0,0.0016,0.0009,2.8439,9.9478,0.0,0.012,0.1029,0.0556,0.0221,0.0142,2.8729,8.5737,0.0057,0.001,0.0128,0.0,0.0026,0.0002,3.3553,13.3982,0.0,0.0026,0.0298,0.0,0.0058,0.0019,3.2834,11.6494,0.0
19,12,0.1476,0.4726,0.4167,0.1802,0.344,0.735,3.2014,0.1969,0.0001,0.0008,0.0,0.0003,0.0001,1.6607,5.1966,0.0,0.0001,0.0007,0.0,0.0002,0.0,2.7947,9.7094,0.0,0.0125,0.0712,0.1667,0.0228,0.0084,1.7754,5.6875,0.0119,0.0035,0.0278,0.0,0.0077,0.0025,2.5725,7.9533,0.0
IMG_20260410_134735979_HDR,30,0.3087,0.4996,0.8667,0.1687,0.4536,-0.5624,1.6186,0.433,0.0025,0.0182,0.0,0.004,0.0026,2.3625,7.4004,0.0,0.0002,0.0026,0.0,0.0005,0.0001,3.9993,14.5612,0.0,0.0266,0.2288,0.1667,0.049,0.0269,2.6672,8.6075,0.0381,0.0011,0.0233,0.0,0.0044,0.0,4.3572,21.1805,0.0
1000021107,30,0.1175,0.3376,0.8,0.0786,0.1539,0.5454,2.8745,0.2701,0.002,0.0126,0.0,0.0033,0.003,2.01,6.3041,0.0,0.0039,0.0467,0.0,0.0102,0.0013,3.0876,11.9858,0.0,0.0276,0.1365,0.1667,0.0445,0.0346,1.6168,4.9377,0.0227,0.0001,0.0021,0.0,0.0004,0.0,5.1991,29.3762,0.0
IMG_20260410_134543453_HDR,25,0.1533,0.6423,0.4,0.2086,0.3276,1.0739,4.1901,0.2569,0.0008,0.0091,0.0,0.002,0.0006,3.0781,11.172,0.0,0.008,0.0619,0.04,0.0153,0.0051,2.1976,7.7853,0.0025,0.0386,0.3044,0.16,0.0882,0.0014,2.1365,7.8802,0.0487,0.0013,0.0234,0.0,0.0047,0.0,4.163,17.5143,0.0
DSC02532,24,0.0362,0.1979,0.25,0.0556,0.0485,1.8997,5.4713,0.0495,0.004,0.0241,0.0,0.0067,0.0038,1.8787,6.0819,0.0,0.0004,0.0018,0.0,0.0005,0.0006,1.6479,5.1205,0.0,0.0024,0.0137,0.0,0.0042,0.0031,1.7101,5.7466,0.0,0.0011,0.0118,0.0,0.0027,0.0,2.9409,10.8428,0.0
IMG_20260317_113415094_HDR,24,0.207,0.6065,0.625,0.2047,0.2871,0.822,2.9301,0.379,0.0006,0.0059,0.0,0.0014,0.0002,2.9026,10.3881,0.0,0.0012,0.0104,0.0,0.0025,0.0008,2.3802,8.3621,0.0,0.0012,0.0169,0.0,0.0035,0.0003,3.757,14.4598,0.0,0.0006,0.0076,0.0,0.0017,0.0,3.1496,13.0063,0.0
DSC02259,24,0.1852,0.526,0.625,0.188,0.3514,0.6362,2.8406,0.3287,0.0013,0.0099,0.0,0.003,0.0,2.1188,7.5738,0.0,0.0355,0.108,0.4167,0.0387,0.0746,0.4218,3.0407,0.045,0.0081,0.1056,0.0833,0.0233,0.0008,3.3184,13.0879,0.0088,0.0101,0.1324,0.0833,0.0282,0.003,3.5382,13.1156,0.011
30,12,0.0177,0.1246,0.0833,0.0337,0.0206,2.5911,7.0418,0.0104,0.0003,0.0024,0.0,0.0007,0.0001,2.8455,9.3984,0.0,0.0015,0.0138,0.0,0.0038,0.0007,2.8915,9.5075,0.0,0.1649,0.3425,0.9167,0.1082,0.2859,0.5125,2.0776,0.314,0.0008,0.0074,0.0,0.0021,0.0,2.4787,8.7245,0.0
IMG_20260320_160147,30,0.0167,0.1103,0.1333,0.028,0.0132,2.0723,6.6201,0.0147,0.0006,0.006,0.0,0.0016,0.0,2.5226,9.3522,0.0,0.0174,0.146,0.1667,0.0377,0.0001,2.0671,8.3711,0.0243,0.006,0.0219,0.0,0.0068,0.0101,0.8703,3.6771,0.0,0.0002,0.0029,0.0,0.0006,0.0,3.8595,15.0072,0.0
DSC02428,24,0.0083,0.0899,0.0417,0.02,0.0051,3.1298,10.7687,0.0037,0.002,0.0133,0.0,0.0038,0.0009,1.9078,6.6131,0.0,0.0019,0.0207,0.0,0.0052,0.0004,2.9529,11.0419,0.0,0.0002,0.0029,0.0,0.0007,0.0,3.0205,11.8785,0.0,0.0006,0.0106,0.0,0.0021,0.0001,4.4195,19.1828,0.0
DSC02201,24,0.0065,0.0497,0.0,0.0127,0.0051,2.2631,7.6318,0.0,0.0073,0.0826,0.0833,0.0215,0.0003,2.9872,11.2487,0.0069,0.0007,0.0064,0.0,0.0018,0.0001,2.6255,8.7553,0.0,0.0013,0.0176,0.0,0.0036,0.0008,4.0196,13.6417,0.0,0.0003,0.0032,0.0,0.0008,0.0,2.9386,11.7523,0.0
DSC02473,24,0.006,0.0866,0.0417,0.0172,0.004,4.2636,14.4536,0.0036,0.0011,0.0081,0.0,0.0022,0.0006,2.1625,7.6269,0.0,0.0033,0.0234,0.0,0.0067,0.002,2.1364,7.0019,0.0,0.0178,0.1083,0.125,0.0282,0.0345,1.7921,6.085,0.0135,0.0002,0.0046,0.0,0.0009,0.0,4.5809,22.9714,0.0
IMG_20260410_141553710_HDR,25,0.0562,0.33,0.24,0.0949,0.0405,1.9027,5.8769,0.0792,0.0012,0.0088,0.0,0.0024,0.0009,2.1301,7.4337,0.0,0.0005,0.0033,0.0,0.0009,0.0005,2.1389,6.7245,0.0,0.0146,0.1707,0.12,0.0392,0.0049,2.9992,11.7026,0.0205,0.0011,0.0086,0.0,0.0024,0.0001,2.2679,7.7216,0.0
IMG_20260410_135624056_HDR,30,0.0087,0.1738,0.0333,0.0314,0.0006,4.829,20.0779,0.0058,0.0007,0.0092,0.0,0.0021,0.0,3.1598,13.3491,0.0,0.0001,0.001,0.0,0.0002,0.0,3.3724,14.0912,0.0,0.0,0.0003,0.0,0.0001,0.0,5.1331,24.0265,0.0,0.001,0.0218,0.0,0.0041,0.0,4.4477,21.9716,0.0
DSC02305,24,0.052,0.3103,0.25,0.0918,0.0455,1.9285,5.9628,0.0776,0.0013,0.0211,0.0,0.0043,0.0,4.1245,16.5858,0.0,0.0014,0.0195,0.0,0.0042,0.0,3.4842,13.8538,0.0,0.005,0.0517,0.0417,0.0121,0.0016,2.8001,10.4273,0.0022,0.0001,0.0015,0.0,0.0004,0.0,2.6956,11.2073,0.0
DSC02185,42,0.0343,0.2542,0.2381,0.0551,0.038,2.2425,7.4195,0.0605,0.0014,0.0136,0.0,0.0027,0.0014,2.9317,9.9093,0.0,0.0002,0.0023,0.0,0.0006,0.0,2.6798,10.4158,0.0,0.1991,0.4845,0.6429,0.166,0.3374,0.0202,2.4336,0.3114,0.0025,0.0663,0.0238,0.0105,0.0,5.4285,26.6526,0.0016
1000021129,30,0.0027,0.0384,0.0,0.0076,0.0006,3.7382,14.3578,0.0,0.0017,0.0226,0.0,0.0042,0.0012,4.0157,13.2619,0.0,0.0,0.0007,0.0,0.0001,0.0,4.51,18.4983,0.0,0.0001,0.0017,0.0,0.0003,0.0,5.1995,29.4872,0.0,0.0,0.0,0.0,0.0,0.0,,0.0,0.0
IMG_20260413_113721,12,0.016,0.1202,0.0833,0.0317,0.0099,2.9088,7.5106,0.01,0.003,0.0133,0.0,0.0039,0.004,1.5202,4.4269,0.0,0.0008,0.0085,0.0,0.0023,0.0003,2.9696,10.3192,0.0,0.002,0.0113,0.0,0.0034,0.002,1.724,5.5201,0.0,0.0,0.0005,0.0,0.0001,0.0,3.0151,11.7326,0.0
IMG_20260410_131353115_HDR,30,0.0247,0.099,0.2,0.0311,0.0327,1.3066,4.0103,0.0198,0.0123,0.0379,0.0,0.0132,0.0233,0.6655,3.0871,0.0,0.0004,0.0061,0.0,0.0011,0.0001,4.4922,17.3575,0.0,0.0006,0.006,0.0,0.0015,0.0,2.854,10.6268,0.0,0.0006,0.0135,0.0,0.0024,0.0,4.9704,24.1205,0.0
DSC02537,24,0.0147,0.1146,0.0833,0.0291,0.0176,2.588,7.7906,0.0096,0.0045,0.038,0.0,0.0093,0.0031,2.4842,8.4428,0.0,0.001,0.0082,0.0,0.0022,0.0001,2.1049,8.1791,0.0,0.0021,0.0179,0.0,0.0047,0.0006,2.4582,8.4137,0.0,0.0005,0.0076,0.0,0.0016,0.0,3.9629,16.5711,0.0
IMG_20260413_114241,25,0.006,0.0323,0.0,0.0088,0.0094,1.7228,5.4274,0.0,0.0005,0.0038,0.0,0.001,0.0005,2.2705,7.1066,0.0,0.0003,0.0044,0.0,0.0009,0.0001,3.5159,13.0736,0.0,0.0271,0.2277,0.2,0.0503,0.0322,2.7344,8.3942,0.0455,0.0001,0.0007,0.0,0.0002,0.0,2.7394,10.4944,0.0
72,9,0.0057,0.0213,0.0,0.0064,0.008,1.3442,3.7194,0.0,0.0003,0.0018,0.0,0.0005,0.0002,2.2239,6.4092,0.0,0.0005,0.0019,0.0,0.0008,0.0004,1.2479,4.0541,0.0,0.0002,0.0007,0.0,0.0003,0.0003,1.1343,3.919,0.0,0.0003,0.0015,0.0,0.0005,0.0,1.6299,5.6157,0.0
10,12,0.0308,0.0714,0.25,0.0256,0.0492,0.2112,2.3182,0.0178,0.0037,0.0216,0.0,0.0062,0.0065,1.958,5.8852,0.0,0.0015,0.0167,0.0,0.0046,0.0,2.9756,11.006,0.0,0.0609,0.1609,0.5,0.0553,0.1007,0.3704,2.6427,0.0805,0.0006,0.0077,0.0,0.0021,0.0,3.0151,11.9813,0.0
DSC02368,24,0.018,0.1119,0.125,0.0284,0.0334,1.8399,6.2078,0.014,0.0005,0.0082,0.0,0.0016,0.0001,4.3692,16.9487,0.0,0.0021,0.023,0.0,0.005,0.0027,3.231,10.7973,0.0,0.1734,0.4972,0.5417,0.1847,0.3038,0.5494,2.867,0.2693,0.0009,0.01,0.0,0.0023,0.0,2.7855,10.9037,0.0
DSC02223,24,0.0211,0.1299,0.125,0.0327,0.0257,2.0438,6.1664,0.0162,0.0417,0.3974,0.1667,0.0959,0.0163,2.6497,9.5287,0.0662,0.0002,0.0042,0.0,0.0008,0.0,4.5646,22.4561,0.0,0.0648,0.207,0.4583,0.073,0.131,0.6801,3.1918,0.0949,0.0011,0.0149,0.0,0.0032,0.0,3.5664,13.1599,0.0
DSC02572,24,0.0013,0.0234,0.0,0.0048,0.0,4.1895,17.5415,0.0,0.0001,0.0012,0.0,0.0003,0.0001,2.2379,8.0233,0.0,0.0004,0.0047,0.0,0.0011,0.0,2.8749,11.1191,0.0,0.0007,0.0081,0.0,0.0017,0.0005,3.5873,11.9068,0.0,0.0004,0.0061,0.0,0.0013,0.0,3.5393,14.6783,0.0
39,12,0.1121,0.2479,0.8333,0.0595,0.1324,0.4293,2.2123,0.2066,0.0,0.0,0.0,0.0,0.0,3.0151,3.3708,0.0,0.0001,0.0007,0.0,0.0002,0.0,2.303,8.1277,0.0,0.1678,0.4326,0.8333,0.1496,0.2081,0.9165,2.578,0.3605,0.0,0.0,0.0,0.0,0.0,,0.0,0.0
DSC02459,24,0.0078,0.0427,0.0,0.0125,0.0095,1.6149,5.4635,0.0,0.001,0.0102,0.0,0.0024,0.0004,2.7226,10.0572,0.0,0.0001,0.001,0.0,0.0003,0.0,2.0445,6.9367,0.0,0.0418,0.3361,0.2917,0.0754,0.0522,2.7033,8.0416,0.098,0.0019,0.028,0.0,0.0057,0.0001,3.9833,15.0348,0.0
DSC02573,24,0.0007,0.0043,0.0,0.0012,0.0011,1.9372,5.9623,0.0,0.0003,0.0049,0.0,0.001,0.0,4.0243,15.4285,0.0,0.0,0.0004,0.0,0.0001,0.0,4.5868,22.3157,0.0,0.0006,0.008,0.0,0.0018,0.0001,3.4778,14.2858,0.0,0.0014,0.0096,0.0,0.003,0.0,1.8593,6.7337,0.0
DSC02399,24,0.0066,0.0417,0.0,0.0103,0.0089,1.9189,6.3333,0.0,0.0123,0.066,0.0417,0.0165,0.0189,1.5917,5.3821,0.0028,0.0021,0.039,0.0,0.0078,0.0004,4.4252,18.2047,0.0,0.0063,0.0609,0.0417,0.0131,0.0063,3.1153,9.6568,0.0025,0.0002,0.0016,0.0,0.0004,0.0001,2.1205,7.4547,0.0
DSC02380,24,0.0213,0.077,0.25,0.0281,0.0439,0.9491,3.6203,0.0193,0.0019,0.013,0.0,0.0034,0.0032,2.0079,6.6701,0.0,0.006,0.0697,0.0833,0.0174,0.0002,2.9716,11.7147,0.0058,0.0867,0.2817,0.5833,0.0854,0.1425,0.6544,3.2508,0.1643,0.0017,0.0305,0.0,0.0061,0.0,4.3758,17.8804,0.0
DSC02207,42,0.0195,0.1367,0.1667,0.0324,0.0222,1.9238,7.0125,0.0228,0.001,0.0063,0.0,0.0016,0.0014,1.8271,6.4393,0.0,0.0016,0.0442,0.0,0.0069,0.0004,5.642,27.2919,0.0,0.0244,0.3038,0.2143,0.0561,0.0063,3.2767,12.4755,0.0651,0.0036,0.0881,0.0238,0.0149,0.0,4.8677,24.7727,0.0021
IMG_20260317_113335801_HDR,30,0.1652,0.6551,0.5667,0.1905,0.2639,1.116,3.9647,0.3712,0.0004,0.0031,0.0,0.0009,0.0003,2.0137,7.0968,0.0,0.0141,0.1977,0.1,0.0391,0.0028,3.6755,13.9976,0.0198,0.0109,0.1239,0.0667,0.0264,0.0047,3.0338,11.3588,0.0083,0.0034,0.0278,0.0,0.0069,0.0016,2.2153,8.2151,0.0
DSC02140,24,0.0066,0.0765,0.0417,0.0168,0.0012,3.175,11.6316,0.0032,0.0004,0.0087,0.0,0.0017,0.0,4.5651,22.1215,0.0,0.0001,0.0009,0.0,0.0002,0.0,3.7626,13.5497,0.0,0.0077,0.051,0.0417,0.0143,0.0048,1.7274,6.6063,0.0021,0.0009,0.0195,0.0,0.0039,0.0,4.5698,22.399,0.0
52,12,0.0485,0.1213,0.3333,0.0443,0.0988,0.5105,2.5018,0.0404,0.0005,0.0027,0.0,0.0008,0.0009,1.7603,5.1068,0.0,0.0002,0.0018,0.0,0.0005,0.0,2.8147,9.3219,0.0,0.0004,0.0021,0.0,0.0008,0.0002,1.7632,5.5437,0.0,0.0002,0.0016,0.0,0.0005,0.0,2.3932,8.4334,0.0
21,12,0.0882,0.2878,0.5833,0.0933,0.1128,0.9858,3.2615,0.1679,0.0014,0.0067,0.0,0.0023,0.0018,1.4467,4.7972,0.0,0.0018,0.0137,0.0,0.0043,0.0,2.032,7.4177,0.0,0.0355,0.1231,0.3333,0.0423,0.0587,0.8016,3.4689,0.041,0.0,0.0005,0.0,0.0001,0.0,3.0151,11.6742,0.0
DSC02489,24,0.0165,0.121,0.125,0.0291,0.0204,2.2008,7.336,0.0151,0.0006,0.006,0.0,0.0015,0.0001,2.6568,9.9034,0.0,0.0006,0.0075,0.0,0.0016,0.0002,3.4308,11.925,0.0,0.0008,0.0126,0.0,0.0026,0.0003,4.1283,16.2464,0.0,0.0001,0.0013,0.0,0.0003,0.0,3.4302,13.5441,0.0
IMG_20260410_135300163_HDR,24,0.1765,0.3981,0.6667,0.1481,0.3265,0.231,2.2558,0.2654,0.0012,0.008,0.0,0.0022,0.0014,1.8445,6.4852,0.0,0.0004,0.0029,0.0,0.0008,0.0004,2.2442,6.8032,0.0,0.0291,0.3788,0.1667,0.0792,0.0074,3.6527,13.0349,0.0631,0.0002,0.0039,0.0,0.0008,0.0,4.4462,20.8526,0.0
IMG_20260413_114049,30,0.0181,0.1141,0.1333,0.0281,0.0182,1.883,6.3153,0.0152,0.0035,0.0242,0.0,0.0059,0.0032,2.2627,6.8408,0.0,0.0005,0.0128,0.0,0.0023,0.0,5.0091,24.2413,0.0,0.0015,0.0101,0.0,0.0029,0.0012,1.8741,6.6185,0.0,0.001,0.0126,0.0,0.003,0.0,3.03,12.5978,0.0
IMG_20260410_140113603_HDR,30,0.2432,0.5213,0.7667,0.1752,0.4041,-0.001,2.1435,0.3997,0.0007,0.0034,0.0,0.001,0.0011,1.3155,4.6205,0.0,0.0046,0.0545,0.0333,0.0118,0.0025,3.3448,11.7688,0.0018,0.0235,0.0936,0.2,0.0299,0.0383,1.0609,3.988,0.0187,0.0017,0.0484,0.0,0.0087,0.0,5.1762,27.745,0.0
79,12,0.0775,0.1818,0.5,0.0735,0.1531,0.1407,2.3445,0.0909,0.0019,0.0067,0.0,0.0024,0.0041,0.843,3.5853,0.0,0.0062,0.0565,0.0833,0.0155,0.0019,2.8128,9.0707,0.0047,0.0037,0.0155,0.0,0.0054,0.0059,1.2455,4.229,0.0,0.0,0.0,0.0,0.0,0.0,3.0151,7.0664,0.0
11,12,0.0419,0.1059,0.4167,0.0318,0.0587,0.3745,2.5261,0.0441,0.0012,0.0069,0.0,0.0022,0.0011,1.6543,5.5225,0.0,0.0002,0.0017,0.0,0.0005,0.0,2.446,8.5936,0.0,0.0213,0.1191,0.1667,0.0335,0.0255,2.0185,5.6024,0.0198,0.0002,0.0023,0.0,0.0006,0.0,2.8506,9.6649,0.0
29,12,0.0468,0.1582,0.4167,0.044,0.0655,1.2055,3.3797,0.0659,0.0144,0.0853,0.0833,0.0246,0.0145,1.9747,5.9382,0.0071,0.0001,0.001,0.0,0.0003,0.0,2.8733,9.3202,0.0,0.0155,0.0594,0.25,0.025,0.0208,1.1292,3.8275,0.0149,0.0012,0.0076,0.0,0.0026,0.0,1.8205,6.4837,0.0
DSC02304,24,0.0115,0.11,0.0833,0.025,0.0076,2.8889,9.5973,0.0092,0.0019,0.0214,0.0,0.0047,0.0009,3.1441,11.194,0.0,0.0002,0.0016,0.0,0.0004,0.0,2.231,8.8676,0.0,0.0407,0.1694,0.4167,0.0476,0.0791,0.9238,4.1581,0.0706,0.0,0.0002,0.0,0.0,0.0,4.5873,21.3736,0.0
DSC02255,24,0.0025,0.0191,0.0,0.0055,0.0004,2.2548,7.4943,0.0,0.0036,0.0222,0.0,0.0063,0.0037,1.6089,6.1877,0.0,0.0003,0.005,0.0,0.001,0.0,4.3744,19.8,0.0,0.001,0.0243,0.0,0.0049,0.0,4.5846,23.3197,0.0,0.0009,0.0218,0.0,0.0043,0.0,4.5873,23.9512,0.0
DSC02396,24,0.0258,0.1508,0.2083,0.0333,0.0436,2.1991,5.8501,0.0314,0.0014,0.0069,0.0,0.0019,0.0021,1.351,4.8245,0.0,0.0011,0.0076,0.0,0.0017,0.0015,2.4696,6.6775,0.0,0.0128,0.0832,0.0833,0.0219,0.0135,2.3407,6.474,0.0069,0.0055,0.0409,0.0,0.0122,0.0012,2.2034,7.483,0.0
15,12,0.0209,0.0437,0.0,0.0149,0.0302,-0.0095,2.0941,0.0,0.0001,0.0009,0.0,0.0003,0.0,3.0151,11.8056,0.0,0.0002,0.0014,0.0,0.0005,0.0,1.7873,5.8664,0.0,0.0341,0.1014,0.25,0.039,0.05,0.8914,2.9788,0.0254,0.0,0.0001,0.0,0.0,0.0,3.0124,10.0228,0.0
DSC02560,24,0.0066,0.0503,0.0417,0.011,0.0087,2.6582,7.6201,0.0021,0.0007,0.0139,0.0,0.0028,0.0,4.5079,20.6799,0.0,0.0017,0.02,0.0,0.0047,0.0004,3.1107,11.8962,0.0,0.001,0.0171,0.0,0.0034,0.0001,4.3761,17.9684,0.0,0.0006,0.0065,0.0,0.0017,0.0001,3.0113,11.5288,0.0
DSC02388,24,0.0107,0.1154,0.0833,0.0264,0.0089,3.134,10.7371,0.0096,0.0019,0.0144,0.0,0.0034,0.002,2.4137,7.5569,0.0,0.0005,0.005,0.0,0.0011,0.0005,3.2683,10.5024,0.0,0.0141,0.1165,0.0833,0.0301,0.0091,2.5436,8.2593,0.0097,0.0036,0.0804,0.0417,0.016,0.0002,4.5728,22.0957,0.0034
IMG_20260319_121325656_HDR,20,0.0198,0.0862,0.1,0.0241,0.036,1.2017,4.3521,0.0086,0.0013,0.0225,0.0,0.0049,0.0,4.0747,17.3678,0.0,0.0301,0.2783,0.2,0.0651,0.0197,2.8423,9.259,0.0557,0.0002,0.0023,0.0,0.0005,0.0001,3.5631,13.1602,0.0,0.0006,0.0058,0.0,0.0017,0.0,2.6753,10.3314,0.0
16,12,0.0061,0.0298,0.0,0.0085,0.0091,1.7406,4.9135,0.0,0.001,0.0094,0.0,0.0026,0.0001,2.6719,9.1951,0.0,0.0,0.0,0.0,0.0,0.0,,0.0,0.0,0.0881,0.2621,0.4167,0.1028,0.2055,0.6138,2.9736,0.1092,0.0009,0.0077,0.0,0.0022,0.0001,2.4113,8.1492,0.0
DSC02137,42,0.0107,0.08,0.0238,0.0171,0.0162,2.0949,7.4784,0.0019,0.0094,0.0613,0.0476,0.0142,0.0132,2.0888,6.5441,0.0029,0.002,0.0267,0.0,0.0058,0.001,3.3261,13.072,0.0,0.0042,0.1447,0.0238,0.022,0.0004,6.1745,34.3074,0.0034,0.0021,0.0409,0.0,0.0077,0.0,3.9392,19.3541,0.0
DSC02555,30,0.0182,0.0986,0.1,0.0245,0.0258,1.5863,5.4205,0.0099,0.0016,0.0131,0.0,0.0032,0.0012,2.4462,8.2113,0.0,0.0008,0.0153,0.0,0.0029,0.0002,4.4696,19.3524,0.0,0.0256,0.1123,0.2,0.0337,0.0338,1.2411,4.3855,0.0225,0.0035,0.0248,0.0,0.0068,0.0017,2.0973,7.1395,0.0
DSC02536,24,0.0033,0.0161,0.0,0.0048,0.0048,1.3096,4.8459,0.0,0.0001,0.0006,0.0,0.0001,0.0,2.5354,9.5198,0.0,0.0009,0.0143,0.0,0.0029,0.0005,4.3065,16.5006,0.0,0.0089,0.0569,0.0417,0.0146,0.012,1.9402,6.3999,0.0024,0.0005,0.0059,0.0,0.0013,0.0002,3.5382,12.6266,0.0
DSC02432,24,0.0102,0.0468,0.0,0.0141,0.018,1.2065,4.5926,0.0,0.0006,0.0064,0.0,0.0015,0.0003,2.8778,10.1897,0.0,0.0012,0.0115,0.0,0.0025,0.0017,2.9473,9.5148,0.0,0.0117,0.0723,0.0417,0.0188,0.0157,1.8022,6.1915,0.003,0.0018,0.0264,0.0,0.0057,0.0,3.6014,14.8354,0.0
IMG_20260318_080042286_HDR,20,0.1388,0.4847,0.75,0.1315,0.2271,0.9437,3.4912,0.3635,0.0069,0.0441,0.0,0.012,0.0068,1.9467,6.4236,0.0,0.0076,0.0629,0.05,0.0168,0.0009,2.254,8.2445,0.0031,0.0277,0.3743,0.15,0.0818,0.0092,3.7874,13.4889,0.0561,0.0001,0.0017,0.0,0.0004,0.0,4.1174,18.9649,0.0
2026-04-09 17-34-00,28,0.0458,0.2583,0.3571,0.0561,0.0744,1.9975,5.6427,0.0922,0.0015,0.0394,0.0,0.0073,0.0,4.9948,26.6095,0.0,0.0,0.0003,0.0,0.0001,0.0,3.7343,16.5416,0.0,0.0112,0.1034,0.0714,0.0253,0.0071,2.7966,9.262,0.0074,0.0002,0.0027,0.0,0.0007,0.0,3.1976,12.554,0.0
DSC02182,24,0.0034,0.0415,0.0,0.0084,0.003,3.9284,12.2649,0.0,0.0021,0.0124,0.0,0.0038,0.0024,1.8439,5.939,0.0,0.0004,0.0054,0.0,0.0012,0.0,3.407,12.7442,0.0,0.0051,0.0621,0.0417,0.0133,0.0015,3.3912,12.0663,0.0026,0.0001,0.0023,0.0,0.0005,0.0,4.5873,23.7053,0.0
1000032464,30,0.0015,0.0092,0.0,0.0025,0.0027,1.893,6.0181,0.0,0.0008,0.0066,0.0,0.0016,0.0003,2.4823,8.6979,0.0,0.0001,0.0009,0.0,0.0002,0.0,3.4747,14.8088,0.0,0.0034,0.0288,0.0,0.008,0.001,2.4908,8.472,0.0,0.0001,0.0012,0.0,0.0002,0.0,3.9668,17.0099,0.0
IMG_20260410_135449132_HDR,25,0.0608,0.3313,0.36,0.0775,0.0823,1.9102,5.4515,0.1193,0.0021,0.0106,0.0,0.0029,0.0025,1.7554,5.165,0.0,0.0006,0.0038,0.0,0.0011,0.0006,1.8626,6.6874,0.0,0.1086,0.4968,0.48,0.1501,0.1315,1.5478,4.5736,0.2385,0.0021,0.0386,0.0,0.0076,0.0001,4.4722,18.7142,0.0
IMG_20260408_173612895_HDR,25,0.1841,0.4027,0.76,0.132,0.2896,-0.0168,2.1874,0.306,0.0006,0.0096,0.0,0.0019,0.0,4.3061,16.6929,0.0,0.0009,0.0147,0.0,0.003,0.0002,4.0658,16.5607,0.0,0.003,0.0182,0.0,0.0048,0.0045,1.6843,6.1707,0.0,0.0006,0.0058,0.0,0.0014,0.0,2.6717,10.3506,0.0
IMG_20260317_130518147_HDR,30,0.0721,0.3902,0.4333,0.094,0.097,1.7582,5.4079,0.1691,0.0004,0.0024,0.0,0.0007,0.0002,1.7383,6.5927,0.0,0.0004,0.0067,0.0,0.0014,0.0,3.7478,15.9285,0.0,0.1316,0.4674,0.6,0.144,0.1958,0.923,3.5515,0.2805,0.0018,0.0387,0.0,0.0071,0.0,4.7368,21.0547,0.0
IMG_20260413_133030,20,0.0033,0.0428,0.0,0.0093,0.0016,3.8014,12.7662,0.0,0.001,0.0068,0.0,0.0017,0.0012,2.0941,6.6938,0.0,0.0018,0.02,0.0,0.0048,0.0002,2.9179,10.9161,0.0,0.0481,0.217,0.4,0.0518,0.0612,1.7491,4.5075,0.0868,0.0004,0.0054,0.0,0.0012,0.0,3.5103,14.6701,0.0
DSC02226,24,0.0141,0.1231,0.0833,0.0334,0.0043,2.6019,8.7182,0.0103,0.0013,0.0268,0.0,0.0053,0.0002,4.482,19.8995,0.0,0.0004,0.0059,0.0,0.0013,0.0,3.6718,15.6399,0.0,0.0008,0.0169,0.0,0.0034,0.0001,4.5657,21.1059,0.0,0.0006,0.0112,0.0,0.0023,0.0,4.338,18.8765,0.0
DSC02323,24,0.0019,0.0229,0.0,0.0051,0.0002,3.2676,12.2456,0.0,0.0003,0.0053,0.0,0.0011,0.0,4.2763,18.1567,0.0,0.0004,0.0041,0.0,0.001,0.0,2.6777,10.5056,0.0,0.0118,0.1377,0.0833,0.0295,0.0068,3.4013,11.7087,0.0115,0.0,0.0,0.0,0.0,0.0,,0.0,0.0
22,12,0.1032,0.3515,0.5833,0.111,0.1648,1.0568,3.4051,0.2051,0.0002,0.0016,0.0,0.0004,0.0,2.4302,8.2523,0.0,0.0005,0.0025,0.0,0.0008,0.0006,1.5038,5.1606,0.0,0.0468,0.1649,0.4167,0.0505,0.0761,1.0657,3.5264,0.0687,0.0,0.0,0.0,0.0,0.0,,0.0,0.0
IMG_20260410_141801965_HDR,16,0.0319,0.0954,0.25,0.0326,0.0524,0.7427,2.9862,0.0238,0.0007,0.0061,0.0,0.0016,0.001,2.6276,8.2153,0.0,0.0014,0.0079,0.0,0.0024,0.0011,1.8989,5.8226,0.0,0.1828,0.5274,0.5625,0.1873,0.3769,0.5605,2.886,0.2967,0.008,0.082,0.0625,0.021,0.0008,2.8386,10.3124,0.0051
DSC02283,24,0.0195,0.1679,0.1667,0.0367,0.0201,2.8732,8.6162,0.028,0.0007,0.0071,0.0,0.0016,0.0003,2.8807,9.7271,0.0,0.0007,0.0127,0.0,0.0025,0.0001,4.3721,17.6077,0.0,0.0222,0.1964,0.2083,0.0426,0.0228,2.9029,8.8626,0.0409,0.0002,0.0045,0.0,0.0009,0.0,4.5873,23.8054,0.0
IMG_20260318_075807376_HDR,20,0.0563,0.175,0.55,0.0539,0.0801,0.7832,3.1054,0.0962,0.0019,0.0178,0.0,0.004,0.0018,3.2209,9.472,0.0,0.0003,0.0015,0.0,0.0005,0.0004,1.4648,5.1843,0.0,0.0692,0.3415,0.4,0.0953,0.0987,1.4363,4.9341,0.1366,0.0001,0.0021,0.0,0.0005,0.0,4.1295,19.8089,0.0
IMG_20260410_142531328_HDR,20,0.0295,0.152,0.2,0.0396,0.0316,1.7348,5.153,0.0304,0.0001,0.0016,0.0,0.0004,0.0,3.5616,13.9591,0.0,0.0,0.0,0.0,0.0,0.0,4.1295,9.6774,0.0,0.0004,0.0076,0.0,0.0017,0.0,3.99,17.3105,0.0,0.0004,0.0058,0.0,0.0014,0.0,3.3149,13.8738,0.0
DSC02464,24,0.006,0.0262,0.0,0.0086,0.009,1.2052,4.3937,0.0,0.0011,0.0059,0.0,0.0017,0.0015,1.4694,5.1152,0.0,0.0006,0.0089,0.0,0.0018,0.0002,3.9407,14.7045,0.0,0.0066,0.0907,0.0417,0.0182,0.0042,4.1122,13.7489,0.0038,0.0011,0.0069,0.0,0.0021,0.0007,1.8675,6.5555,0.0
3,12,0.0843,0.179,0.5833,0.0551,0.131,0.1635,2.1249,0.1044,0.0001,0.0012,0.0,0.0003,0.0001,2.9109,9.3798,0.0,0.0018,0.0065,0.0,0.0025,0.0037,0.9271,3.5511,0.0,0.0321,0.1651,0.1667,0.0558,0.0214,1.7163,5.1486,0.0275,0.0,0.0005,0.0,0.0001,0.0,3.0151,11.709,0.0
DSC02335,24,0.0058,0.042,0.0,0.0095,0.0059,2.4422,7.2067,0.0,0.0004,0.003,0.0,0.0008,0.0001,2.2856,7.8887,0.0,0.0145,0.061,0.0417,0.016,0.0208,1.3505,4.2112,0.0025,0.0062,0.0363,0.0,0.0085,0.0089,2.0627,5.8898,0.0,0.0009,0.0083,0.0,0.0021,0.0001,2.3632,9.1475,0.0
37,12,0.0447,0.1824,0.25,0.0538,0.0584,1.3521,4.0833,0.0456,0.0003,0.0038,0.0,0.001,0.0,2.983,11.091,0.0,0.0006,0.0061,0.0,0.0017,0.0,2.7632,9.4775,0.0,0.0393,0.1785,0.25,0.0591,0.0499,1.3676,4.5413,0.0446,0.0004,0.0039,0.0,0.0011,0.0,2.96,10.8394,0.0
IMG_20260410_135726699_HDR,30,0.1063,0.4911,0.5333,0.1196,0.1474,1.5476,4.6189,0.2619,0.003,0.0321,0.0,0.006,0.0033,3.8828,10.5598,0.0,0.0013,0.0186,0.0,0.0038,0.0001,3.5164,13.9932,0.0,0.0422,0.28,0.2333,0.0791,0.0302,1.8816,6.637,0.0653,0.0014,0.0212,0.0,0.0047,0.0,3.3789,14.9129,0.0
58,12,0.0833,0.3076,0.3333,0.1102,0.1219,1.1873,3.6937,0.1025,0.0008,0.008,0.0,0.0022,0.0002,2.8528,9.5362,0.0,0.0,0.0004,0.0,0.0001,0.0,2.6185,8.9918,0.0,0.0348,0.1473,0.1667,0.0485,0.0412,1.4521,4.2309,0.0246,0.0015,0.0179,0.0,0.0049,0.0,3.0151,11.992,0.0
2026-04-02 17-25-39,15,0.064,0.236,0.4,0.0755,0.0974,1.1163,3.6895,0.0944,0.0014,0.009,0.0,0.0025,0.0013,1.9477,6.4902,0.0,0.0015,0.0088,0.0,0.0022,0.0014,2.3479,6.0585,0.0,0.0525,0.3323,0.2,0.1022,0.0246,2.0913,6.3345,0.0665,0.0001,0.0006,0.0,0.0002,0.0001,1.3811,5.325,0.0
IMG_20260410_140721246_HDR,15,0.2273,0.6131,0.7333,0.1911,0.3879,0.5057,2.6969,0.4496,0.0008,0.0039,0.0,0.0014,0.0012,1.4251,4.6918,0.0,0.0002,0.0013,0.0,0.0003,0.0002,2.619,7.5342,0.0,0.0126,0.0939,0.0667,0.0257,0.0043,2.2272,7.4309,0.0063,0.001,0.0072,0.0,0.002,0.0005,2.1499,7.3077,0.0
1000032446,20,0.0153,0.0978,0.1,0.0253,0.0175,2.2765,6.4,0.0098,0.0013,0.0111,0.0,0.0027,0.0007,2.5115,8.5236,0.0,0.0003,0.002,0.0,0.0005,0.0001,2.0462,7.2601,0.0,0.0209,0.1112,0.15,0.032,0.0361,1.4606,5.3167,0.0167,0.0003,0.0029,0.0,0.0007,0.0,2.8072,10.7571,0.0
DSC02511,35,0.0016,0.0284,0.0,0.005,0.0006,4.5203,17.5085,0.0,0.0001,0.0016,0.0,0.0003,0.0,3.5418,13.7435,0.0,0.0004,0.0038,0.0,0.0008,0.0007,2.7454,9.1692,0.0,0.0,0.0005,0.0,0.0001,0.0,4.0154,19.7924,0.0,0.0,0.0008,0.0,0.0001,0.0,5.6503,32.1078,0.0
26,12,0.0153,0.0901,0.0833,0.0258,0.0159,1.9982,5.8689,0.0075,0.0004,0.0018,0.0,0.0006,0.0002,1.4443,5.17,0.0,0.0003,0.0019,0.0,0.0006,0.0,1.8717,6.5555,0.0,0.0059,0.0252,0.0,0.0091,0.0074,1.2057,4.2484,0.0,0.0201,0.0724,0.1667,0.0239,0.0316,0.9494,3.5982,0.0121
14,6,0.1307,0.2477,0.6667,0.0898,0.1899,-0.3392,1.8942,0.1651,0.0028,0.0078,0.0,0.0029,0.0048,0.5673,2.7464,0.0,0.018,0.1068,0.1667,0.0397,0.0009,1.7884,5.9259,0.0178,0.049,0.0875,0.5,0.0308,0.0756,-0.1982,1.7857,0.0437,0.0,0.0,0.0,0.0,0.0,,0.0,0.0
DSC02569,24,0.0039,0.031,0.0,0.0084,0.0035,2.6775,8.019,0.0,0.0014,0.0122,0.0,0.0031,0.0002,2.2821,8.4935,0.0,0.001,0.0136,0.0,0.0028,0.0001,3.7953,13.6442,0.0,0.0075,0.1075,0.0417,0.0227,0.0004,3.6655,14.3855,0.0045,0.0003,0.0044,0.0,0.0009,0.0,4.2697,17.287,0.0
IMG_20260317_130000355_HDR,30,0.0774,0.2202,0.5,0.0727,0.1396,0.4673,2.846,0.1101,0.0097,0.0428,0.0,0.0108,0.0125,1.5301,4.3917,0.0,0.005,0.0741,0.0667,0.0159,0.0014,3.6213,14.9094,0.0049,0.0076,0.1268,0.0333,0.0235,0.0025,4.4147,16.6478,0.0042,0.0004,0.0062,0.0,0.0013,0.0,3.4869,14.8582,0.0
36,12,0.0291,0.1322,0.1667,0.0356,0.0382,1.9053,4.5406,0.022,0.0029,0.0167,0.0,0.0046,0.0041,2.2056,5.7962,0.0,0.0003,0.0028,0.0,0.0008,0.0,2.6889,9.3924,0.0,0.2606,0.6989,0.6667,0.2269,0.3901,0.3639,2.6822,0.4659,0.0017,0.0134,0.0,0.0041,0.0,2.1526,7.7884,0.0
DSC02312,24,0.0345,0.1518,0.2083,0.0445,0.041,1.487,4.4048,0.0316,0.0017,0.0128,0.0,0.0033,0.0016,2.4775,7.4846,0.0,0.005,0.101,0.0417,0.0202,0.0,4.458,20.2055,0.0042,0.1084,0.3191,0.6667,0.0946,0.154,0.5963,2.9443,0.2127,0.0,0.0006,0.0,0.0001,0.0,4.5873,23.106,0.0
IMG_20260410_140530136_HDR,16,0.1223,0.4704,0.4375,0.1615,0.2008,1.044,3.8478,0.2058,0.0001,0.0008,0.0,0.0002,0.0,3.1461,11.0541,0.0,0.0006,0.0057,0.0,0.0015,0.0003,2.7404,9.0668,0.0,0.0126,0.0698,0.1875,0.0238,0.0052,1.5698,5.5322,0.0131,0.0005,0.004,0.0,0.0011,0.0001,2.4592,8.5325,0.0
DSC02481,24,0.0049,0.0501,0.0417,0.0111,0.0032,3.2157,10.1515,0.0021,0.001,0.006,0.0,0.0017,0.0009,1.8719,6.01,0.0,0.0002,0.0035,0.0,0.0007,0.0,4.198,16.2276,0.0,0.003,0.0334,0.0,0.0075,0.0013,3.1549,11.2062,0.0,0.0009,0.0078,0.0,0.0021,0.0,2.4917,9.0251,0.0
IMG_20260319_122144237_HDR,20,0.001,0.0085,0.0,0.0022,0.0009,2.5959,8.4853,0.0,0.0005,0.0061,0.0,0.0013,0.0004,3.7636,12.7048,0.0,0.0035,0.0354,0.0,0.0084,0.0008,2.9171,10.2246,0.0,0.0168,0.1634,0.1,0.0381,0.0152,3.0325,9.7292,0.0163,0.0,0.0002,0.0,0.0,0.0,3.9665,15.625,0.0
2026-04-09 17-47-16,15,0.1164,0.4596,0.6,0.1317,0.1598,1.3534,3.9473,0.2757,0.001,0.0039,0.0,0.0015,0.0016,1.1108,4.1008,0.0,0.0026,0.0168,0.0,0.0046,0.0037,2.0278,6.3614,0.0,0.0008,0.0089,0.0,0.0023,0.0,3.0541,11.0963,0.0,0.0,0.0,0.0,0.0,0.0,,0.0,0.0
DSC02550,42,0.0155,0.1104,0.1429,0.0271,0.016,1.805,7.1137,0.0158,0.0005,0.0053,0.0,0.0013,0.0003,2.748,9.7783,0.0,0.0006,0.0084,0.0,0.0017,0.0002,3.6324,13.9331,0.0,0.0123,0.1254,0.119,0.031,0.0009,2.5921,10.1929,0.0149,0.0003,0.0082,0.0,0.0013,0.0,6.0707,31.6688,0.0
улица Жуковского 49,30,0.0163,0.0741,0.1333,0.0241,0.0259,1.3108,4.5422,0.0099,0.002,0.0148,0.0,0.0032,0.0035,2.3871,7.4505,0.0,0.0002,0.0032,0.0,0.0006,0.0001,4.3214,16.006,0.0,0.0385,0.2729,0.3,0.0626,0.0778,2.1081,7.0929,0.0819,0.0054,0.061,0.0333,0.0135,0.0003,2.9301,11.3577,0.002
23,12,0.0868,0.3121,0.5,0.0935,0.1494,1.0368,3.5944,0.1561,0.0,0.0001,0.0,0.0,0.0,3.0151,11.0846,0.0,0.0016,0.0117,0.0,0.0035,0.0003,2.1166,7.2868,0.0,0.0762,0.2853,0.4167,0.0939,0.1174,1.0396,3.7444,0.1189,0.0,0.0,0.0,0.0,0.0,,0.0,0.0
DSC02405,24,0.013,0.0877,0.1667,0.0234,0.0164,1.8575,6.7317,0.0146,0.0003,0.0021,0.0,0.0006,0.0003,2.1076,7.3073,0.0,0.0002,0.0018,0.0,0.0005,0.0,2.6066,9.0611,0.0,0.0007,0.0134,0.0,0.0027,0.0,4.2959,19.3586,0.0,0.0003,0.0034,0.0,0.0008,0.0,2.8294,11.7923,0.0
24,12,0.1356,0.4471,0.5,0.1585,0.155,1.1613,3.298,0.2236,0.0091,0.0464,0.0,0.0127,0.0112,2.0281,5.0827,0.0,0.0017,0.0071,0.0,0.0026,0.0024,1.244,4.2587,0.0,0.0225,0.0774,0.0833,0.0225,0.0315,0.9883,3.4364,0.0064,0.0002,0.0026,0.0,0.0007,0.0,3.0151,11.9455,0.0
53,12,0.0889,0.2612,0.5833,0.0764,0.1181,0.7927,2.9385,0.1524,0.0032,0.0284,0.0,0.0077,0.0025,2.8402,8.8092,0.0,0.0034,0.0199,0.0,0.006,0.0024,1.902,5.9453,0.0,0.0397,0.1701,0.25,0.0581,0.0408,1.2894,4.2846,0.0425,0.0011,0.0126,0.0,0.0035,0.0,3.0151,11.9678,0.0
DSC02446,24,0.0063,0.0415,0.0,0.0109,0.0082,1.9138,6.5482,0.0,0.0004,0.0025,0.0,0.0008,0.0007,1.5695,5.5862,0.0,0.0,0.0004,0.0,0.0001,0.0,3.6588,14.5152,0.0,0.0003,0.0053,0.0,0.0011,0.0,4.457,19.8335,0.0,0.0043,0.0469,0.0,0.012,0.0002,2.8528,11.0269,0.0
IMG_20260413_113804,25,0.0173,0.1002,0.08,0.024,0.0299,1.9343,5.796,0.008,0.0003,0.0043,0.0,0.0009,0.0,3.8726,14.3006,0.0,0.0002,0.0025,0.0,0.0005,0.0002,3.4958,11.4919,0.0,0.0098,0.0443,0.0,0.0142,0.0132,1.3183,4.498,0.0,0.0036,0.0372,0.0,0.0099,0.0,2.8577,10.3192,0.0
1000032447,20,0.0144,0.0838,0.1,0.0238,0.0134,1.8287,5.8017,0.0084,0.0022,0.0106,0.0,0.0033,0.0031,1.4455,4.7979,0.0,0.0022,0.0329,0.0,0.0071,0.0013,3.9891,14.7043,0.0,0.0189,0.1302,0.1,0.033,0.0298,2.0741,6.8744,0.013,0.0,0.0,0.0,0.0,0.0,,0.0,0.0
34,9,0.034,0.0856,0.2222,0.0241,0.0424,0.8889,2.5159,0.019,0.0,0.0001,0.0,0.0,0.0,2.4749,8.3501,0.0,0.0001,0.0004,0.0,0.0001,0.0,1.3481,4.6654,0.0,0.0677,0.2104,0.4444,0.0691,0.1141,0.717,3.1076,0.0935,0.0,0.0,0.0,0.0,0.0,,0.0,0.0
IMG_20260410_140643602_HDR,20,0.2078,0.5359,0.45,0.2276,0.4523,0.4409,2.5784,0.2411,0.0003,0.0024,0.0,0.0007,0.0001,1.9895,7.2228,0.0,0.0003,0.0013,0.0,0.0004,0.0004,1.2418,4.6383,0.0,0.0315,0.1726,0.25,0.0529,0.0442,1.5495,5.4868,0.0432,0.0004,0.0047,0.0,0.0011,0.0001,3.3384,11.4328,0.0
DSC02533,42,0.0306,0.1478,0.1905,0.0384,0.0416,1.4478,4.8291,0.0282,0.0041,0.063,0.0238,0.0104,0.0025,4.4662,15.2069,0.0015,0.0004,0.0139,0.0,0.0021,0.0,6.0765,34.582,0.0,0.044,0.2742,0.2619,0.0668,0.0645,1.7648,6.2314,0.0718,0.001,0.0186,0.0,0.0037,0.0,4.0447,17.7645,0.0
41,12,0.2183,0.6584,0.6667,0.2159,0.3329,0.7151,3.0159,0.4389,0.0,0.0002,0.0,0.0001,0.0,3.0151,11.2608,0.0,0.0001,0.0008,0.0,0.0002,0.0,2.3431,8.2554,0.0,0.1147,0.4177,0.5,0.1422,0.1714,1.0603,3.6413,0.2089,0.0008,0.0058,0.0,0.0017,0.0003,2.1244,7.1046,0.0
IMG_20260318_120547,30,0.0414,0.209,0.3,0.06,0.0616,1.3278,5.0446,0.0627,0.0007,0.0143,0.0,0.0026,0.0,4.7277,20.823,0.0,0.0005,0.0052,0.0,0.0013,0.0,2.4532,9.5802,0.0,0.007,0.1131,0.0667,0.0245,0.0001,3.6161,16.2198,0.0075,0.0005,0.0147,0.0,0.0026,0.0,5.1861,28.2282,0.0
40,12,0.0338,0.127,0.25,0.0364,0.0505,1.1513,3.7631,0.0318,0.0008,0.0079,0.0,0.0022,0.0,2.8445,10.0473,0.0,0.0004,0.0024,0.0,0.0008,0.0002,1.7737,5.837,0.0,0.0819,0.2448,0.4167,0.0943,0.1824,0.5833,2.9894,0.102,0.0,0.0001,0.0,0.0,0.0,3.0151,10.2167,0.0
2,12,0.0489,0.1678,0.3333,0.0549,0.0989,0.8587,3.4307,0.0559,0.0001,0.0004,0.0,0.0001,0.0,1.7673,5.7904,0.0,0.0083,0.0329,0.0,0.0095,0.0118,1.2897,3.9864,0.0,0.0302,0.1039,0.25,0.0376,0.0538,0.8999,3.4351,0.026,0.0,0.0,0.0,0.0,0.0,,0.0,0.0
DSC02483,24,0.0082,0.0649,0.0417,0.0134,0.0093,3.1855,7.899,0.0027,0.0002,0.0047,0.0,0.0009,0.0,4.32,18.8989,0.0,0.0017,0.0133,0.0,0.0039,0.0002,2.1853,7.7284,0.0,0.0072,0.076,0.0417,0.0168,0.0042,3.1374,10.5839,0.0032,0.0028,0.0204,0.0,0.0059,0.0011,2.1636,7.3293,0.0
DSC02178,42,0.0197,0.0946,0.1667,0.0261,0.0315,1.3891,4.8071,0.0158,0.0027,0.0278,0.0,0.0054,0.0027,2.8634,10.1955,0.0,0.0007,0.0229,0.0,0.0035,0.0,5.9467,30.6475,0.0,0.0735,0.5125,0.2619,0.1432,0.0575,2.0674,6.972,0.1342,0.0002,0.0085,0.0,0.0013,0.0,6.0279,35.2412,0.0
DSC02496,24,0.003,0.0159,0.0,0.0043,0.0049,1.5524,5.2247,0.0,0.0007,0.0104,0.0,0.0022,0.0,3.8673,15.1784,0.0,0.0011,0.009,0.0,0.002,0.0011,2.731,8.3282,0.0,0.0131,0.0975,0.0833,0.0232,0.0153,2.3522,7.4622,0.0081,0.0015,0.0131,0.0,0.0033,0.0007,2.4842,8.6872,0.0
IMG_20260413_133209,24,0.0029,0.0242,0.0,0.0057,0.0018,2.4842,8.4381,0.0,0.0002,0.003,0.0,0.0006,0.0,3.5184,12.7676,0.0,0.001,0.0105,0.0,0.0021,0.0013,3.8151,10.9218,0.0,0.0295,0.2182,0.1667,0.0483,0.0367,2.5918,7.4039,0.0364,0.0007,0.0081,0.0,0.0019,0.0,3.1287,12.42,0.0
47,12,0.0027,0.0196,0.0,0.0054,0.0025,2.5329,7.1725,0.0,0.0001,0.0013,0.0,0.0004,0.0,3.0151,11.8896,0.0,0.0008,0.0065,0.0,0.0018,0.0003,2.4026,7.6283,0.0,0.0496,0.1208,0.4167,0.0452,0.0954,0.3798,2.4374,0.0503,0.0012,0.0121,0.0,0.0033,0.0,2.8049,9.8896,0.0
DSC02372,24,0.0003,0.0032,0.0,0.0008,0.0001,2.7872,10.0458,0.0,0.0008,0.0069,0.0,0.0018,0.0001,2.2696,8.3039,0.0,0.0004,0.009,0.0,0.0018,0.0,4.5734,22.2161,0.0,0.0002,0.0026,0.0,0.0005,0.0,3.9129,15.5544,0.0,0.0,0.0001,0.0,0.0,0.0,4.0483,15.6352,0.0
45,12,0.0133,0.0571,0.0833,0.0181,0.0227,1.2391,4.2857,0.0048,0.0002,0.002,0.0,0.0006,0.0,2.238,8.0076,0.0,0.0,0.0004,0.0,0.0001,0.0,3.0151,11.6544,0.0,0.0056,0.0234,0.0,0.0076,0.0072,1.3338,4.1852,0.0,0.0009,0.0059,0.0,0.0021,0.0,1.8007,6.2917,0.0
DSC02504,24,0.0061,0.0312,0.0,0.0088,0.0085,1.7342,5.1537,0.0,0.0004,0.0033,0.0,0.0009,0.0001,1.9781,7.6386,0.0,0.0018,0.0102,0.0,0.0027,0.0022,1.6202,5.7867,0.0,0.0007,0.0054,0.0,0.0015,0.0003,2.2785,7.9289,0.0,0.0011,0.015,0.0,0.0033,0.0002,3.4479,13.3872,0.0
DSC02359,24,0.0135,0.1931,0.0833,0.0396,0.0051,3.971,14.3398,0.0161,0.001,0.0094,0.0,0.0022,0.0005,2.896,9.6292,0.0,0.0013,0.0067,0.0,0.002,0.0023,1.6636,5.2285,0.0,0.0213,0.1216,0.1667,0.0336,0.0279,1.7232,5.6988,0.0203,0.0007,0.0065,0.0,0.0017,0.0001,2.4587,8.7646,0.0
DSC02210,36,0.0491,0.3743,0.3056,0.0732,0.057,2.7816,7.6177,0.1144,0.0124,0.131,0.0278,0.0241,0.0132,3.451,10.5664,0.0036,0.0101,0.1563,0.0556,0.0288,0.0026,3.9432,15.5097,0.0087,0.0538,0.2777,0.3889,0.0708,0.0923,1.4569,5.1636,0.108,0.0009,0.0223,0.0,0.0037,0.0,5.3357,24.0039,0.0
2026-04-09 17-37-20,18,0.0875,0.2427,0.6667,0.067,0.1304,0.4098,2.7741,0.1618,0.0033,0.0448,0.0,0.0102,0.0016,3.7042,13.4369,0.0,0.002,0.0119,0.0,0.0036,0.0019,1.7301,5.8532,0.0,0.029,0.1046,0.2778,0.0345,0.0592,0.7806,3.6102,0.0291,0.0026,0.0241,0.0,0.0064,0.0,2.5577,9.353,0.0
IMG_20260318_132225974_HDR,20,0.0417,0.2398,0.2,0.0668,0.0334,1.738,5.7452,0.048,0.0002,0.0015,0.0,0.0004,0.0,2.7081,9.7417,0.0,0.0011,0.0077,0.0,0.0019,0.0018,2.2992,6.6527,0.0,0.0475,0.2761,0.25,0.0789,0.0501,1.8462,5.8071,0.069,0.0017,0.0241,0.0,0.0055,0.0001,3.4754,14.1289,0.0
43,9,0.0047,0.0175,0.0,0.0056,0.0077,1.1694,3.7351,0.0,0.0,0.0003,0.0,0.0001,0.0,2.4749,8.7163,0.0,0.0002,0.0014,0.0,0.0004,0.0001,2.4151,7.6376,0.0,0.001,0.0052,0.0,0.0018,0.0002,1.507,5.2379,0.0,0.0011,0.007,0.0,0.0022,0.0,2.0143,6.6025,0.0
51,12,0.0167,0.0404,0.0,0.0139,0.0294,0.3763,2.4127,0.0,0.0024,0.0128,0.0,0.004,0.003,1.6442,5.2425,0.0,0.0002,0.0015,0.0,0.0004,0.0,2.9349,10.0643,0.0,0.0489,0.1492,0.25,0.0555,0.0654,0.901,3.05,0.0373,0.0,0.0,0.0,0.0,0.0,,0.0,0.0
65,12,0.0267,0.0549,0.0833,0.0159,0.0405,0.0764,2.0606,0.0046,0.0015,0.0067,0.0,0.0024,0.0016,1.2624,4.4263,0.0,0.0013,0.005,0.0,0.0018,0.0029,0.9248,3.8014,0.0,0.0741,0.2164,0.5833,0.0697,0.1316,0.4841,2.9184,0.1262,0.0025,0.0197,0.0,0.0059,0.0,2.1541,7.7918,0.0
12,12,0.0503,0.151,0.4167,0.0421,0.0699,0.8863,3.0052,0.0629,0.0,0.0001,0.0,0.0,0.0,3.0151,10.5528,0.0,0.001,0.0067,0.0,0.002,0.0011,2.0714,6.4609,0.0,0.2645,0.5993,0.6667,0.2125,0.4341,0.0631,2.266,0.3995,0.0001,0.0005,0.0,0.0001,0.0,2.6026,8.9569,0.0
8,12,0.0806,0.266,0.5,0.086,0.1266,0.8839,3.299,0.133,0.0014,0.0091,0.0,0.0025,0.0016,2.2963,6.5171,0.0,0.0009,0.009,0.0,0.0025,0.0001,2.8792,9.9257,0.0,0.0273,0.1305,0.25,0.0385,0.0513,1.5555,4.7884,0.0326,0.0001,0.0008,0.0,0.0002,0.0,3.0151,11.8199,0.0
76,12,0.0109,0.0457,0.0,0.0136,0.0164,1.3688,4.1956,0.0,0.0032,0.017,0.0,0.005,0.0032,1.8457,5.3692,0.0,0.0009,0.0109,0.0,0.003,0.0,3.0137,11.7921,0.0,0.0137,0.0648,0.0833,0.0204,0.0155,1.5084,4.7431,0.0054,0.0,0.0,0.0,0.0,0.0,,0.0,0.0
DSC02287,24,0.0042,0.0403,0.0,0.009,0.0035,2.8377,9.4982,0.0,0.0011,0.0051,0.0,0.0017,0.0013,1.4985,4.7284,0.0,0.0024,0.0478,0.0,0.0096,0.0,4.4337,20.133,0.0,0.0021,0.0373,0.0,0.0077,0.0,4.0568,17.4025,0.0,0.0003,0.0057,0.0,0.0012,0.0,4.2967,19.1806,0.0
1000032449,20,0.0005,0.0055,0.0,0.0014,0.0001,2.8579,10.6486,0.0,0.0003,0.002,0.0,0.0007,0.0001,1.6251,5.8287,0.0,0.0002,0.0015,0.0,0.0004,0.0,2.6076,9.5623,0.0,0.0023,0.0235,0.0,0.0061,0.0,2.6854,10.1107,0.0,0.0,0.0,0.0,0.0,0.0,,0.0,0.0
DSC02175,24,0.0157,0.152,0.125,0.0349,0.0091,2.8027,9.655,0.019,0.0001,0.0013,0.0,0.0003,0.0,4.4986,21.0359,0.0,0.0005,0.006,0.0,0.0014,0.0002,3.1304,11.6561,0.0,0.0268,0.1132,0.2083,0.0387,0.0492,1.1397,4.2229,0.0236,0.0009,0.0145,0.0,0.0031,0.0,3.7445,15.3141,0.0
DSC02502,24,0.0062,0.0336,0.0,0.0081,0.0112,1.6833,5.4002,0.0,0.0004,0.0063,0.0,0.0013,0.0,3.8188,14.9707,0.0,0.0021,0.0185,0.0,0.0041,0.0016,2.8075,9.0206,0.0,0.0068,0.0649,0.0417,0.0155,0.0036,2.7371,9.4833,0.0027,0.0015,0.0124,0.0,0.003,0.002,2.4175,8.0002,0.0
75,12,0.0011,0.0115,0.0,0.0031,0.0003,2.9658,10.1097,0.0,0.0006,0.0049,0.0,0.0014,0.0006,2.5723,7.7563,0.0,0.0004,0.0043,0.0,0.0012,0.0,3.0124,11.7045,0.0,0.0021,0.0113,0.0,0.0039,0.0012,1.7373,5.4489,0.0,0.0002,0.0011,0.0,0.0004,0.0,1.7974,6.0622,0.0
IMG_20260410_135848900_HDR,30,0.0545,0.2117,0.4333,0.0608,0.0687,1.1596,3.8846,0.0917,0.0003,0.0048,0.0,0.0011,0.0,3.4786,14.9407,0.0,0.0031,0.0415,0.0,0.0079,0.0032,3.92,13.3968,0.0,0.0048,0.036,0.0,0.0087,0.0043,2.2478,7.5504,0.0,0.0012,0.0254,0.0,0.0046,0.0001,4.7576,20.7618,0.0
DSC02485,20,0.0054,0.0506,0.05,0.0123,0.0031,2.8638,9.2867,0.0025,0.0006,0.0069,0.0,0.0015,0.0004,3.4098,11.0961,0.0,0.0004,0.0024,0.0,0.0007,0.0005,1.7472,5.4528,0.0,0.0249,0.1997,0.15,0.0476,0.0201,2.6168,8.0344,0.03,0.0003,0.0027,0.0,0.0008,0.0,2.3024,7.9226,0.0
69,12,0.1819,0.3891,0.6667,0.1413,0.2845,-0.1095,2.1394,0.2594,0.0018,0.0075,0.0,0.0024,0.0028,1.2572,4.2946,0.0,0.0074,0.0441,0.0,0.0121,0.0101,2.2151,5.9508,0.0,0.0392,0.1142,0.25,0.037,0.0526,0.8077,2.9098,0.0285,0.0,0.0,0.0,0.0,0.0,,0.0,0.0
IMG_20260410_135002890_HDR,30,0.0847,0.5289,0.5,0.1091,0.11,2.5223,6.2415,0.2644,0.0023,0.0261,0.0,0.0055,0.0007,3.006,11.3127,0.0,0.0001,0.002,0.0,0.0004,0.0,4.8444,21.4625,0.0,0.2184,0.6851,0.5667,0.2502,0.4033,0.858,3.1364,0.3882,0.0019,0.0573,0.0333,0.0103,0.0,5.1995,29.9402,0.0019
64,9,0.0767,0.2051,0.6667,0.0594,0.0964,0.78,2.6732,0.1367,0.0014,0.0071,0.0,0.0023,0.0021,1.5133,4.9376,0.0,0.0025,0.0195,0.0,0.006,0.0007,2.4231,7.7229,0.0,0.0543,0.21,0.3333,0.0696,0.0538,1.2385,3.8675,0.07,0.0001,0.0007,0.0,0.0002,0.0,2.471,8.5597,0.0
70,12,0.0203,0.0693,0.1667,0.0227,0.0333,0.9575,3.4142,0.0116,0.0015,0.0138,0.0,0.0037,0.0008,2.8959,9.0536,0.0,0.0003,0.002,0.0,0.0006,0.0001,2.3351,7.7129,0.0,0.1098,0.3061,0.5833,0.1017,0.1919,0.587,2.7867,0.1785,0.0095,0.0591,0.0833,0.0195,0.0025,1.8015,6.2039,0.0049
IMG_20260413_134809,20,0.0721,0.2237,0.6,0.0603,0.1115,0.5806,3.1023,0.1342,0.0028,0.023,0.0,0.0054,0.0031,2.6531,8.1135,0.0,0.0037,0.0152,0.0,0.0051,0.0051,1.1444,4.1123,0.0,0.0354,0.2168,0.2,0.0633,0.0274,1.8683,6.1193,0.0434,0.0,0.0001,0.0,0.0,0.0,2.9425,11.2216,0.0
DSC02187,24,0.0068,0.0484,0.0,0.0107,0.008,2.4967,7.0898,0.0,0.0019,0.0097,0.0,0.0031,0.0022,1.5139,5.17,0.0,0.0001,0.0004,0.0,0.0001,0.0,1.7552,6.1024,0.0,0.0017,0.0271,0.0,0.0056,0.0002,3.9616,16.2743,0.0,0.0052,0.0507,0.0417,0.0134,0.0018,2.8303,9.6678,0.0021
48,12,0.0249,0.1828,0.0833,0.0495,0.0188,2.6518,7.3317,0.0152,0.0023,0.027,0.0,0.0074,0.0001,3.0123,11.6212,0.0,0.003,0.0244,0.0,0.0066,0.002,2.7466,8.0745,0.0,0.0008,0.0058,0.0,0.0018,0.0003,2.0612,7.0354,0.0,0.0,0.0,0.0,0.0,0.0,2.274,6.3901,0.0
28,12,0.067,0.208,0.4167,0.0689,0.1115,0.8407,3.1041,0.0866,0.0041,0.0256,0.0,0.0069,0.0045,2.4594,6.2599,0.0,0.0004,0.0031,0.0,0.0009,0.0002,2.084,6.9454,0.0,0.2147,0.5113,0.9167,0.1612,0.2801,0.6619,2.3809,0.4687,0.0,0.0,0.0,0.0,0.0,,0.0,0.0
33,12,0.0761,0.5874,0.1667,0.1648,0.0363,2.48,7.7232,0.0979,0.0035,0.0291,0.0,0.0082,0.001,2.5601,8.3468,0.0,0.0,0.0001,0.0,0.0,0.0,3.0151,11.0266,0.0,0.061,0.289,0.4167,0.0826,0.1069,1.6386,4.7384,0.1204,0.0001,0.0007,0.0,0.0002,0.0,2.327,8.1973,0.0
IMG_20260410_131430296_HDR,30,0.0094,0.0908,0.0333,0.0176,0.0092,3.3658,9.638,0.003,0.0024,0.022,0.0,0.0045,0.0024,3.2826,9.353,0.0,0.0003,0.0072,0.0,0.0013,0.0,5.0565,24.3781,0.0,0.0002,0.0025,0.0,0.0007,0.0,2.646,10.1134,0.0,0.0001,0.0038,0.0,0.0007,0.0,5.1975,29.0542,0.0
68,12,0.0292,0.0841,0.3333,0.0292,0.0552,0.5638,2.8826,0.028,0.0031,0.0148,0.0,0.005,0.0037,1.3418,4.8266,0.0,0.0,0.0,0.0,0.0,0.0,3.0151,6.1224,0.0,0.0008,0.0084,0.0,0.0023,0.0003,2.9844,10.504,0.0,0.0,0.0,0.0,0.0,0.0,3.0151,4.7319,0.0
17,12,0.0273,0.1203,0.25,0.0445,0.0305,1.2973,4.3985,0.0301,0.0003,0.0019,0.0,0.0006,0.0002,2.037,6.7416,0.0,0.0004,0.0028,0.0,0.0008,0.0003,2.2563,7.1757,0.0,0.0263,0.0702,0.25,0.0235,0.0493,0.4357,2.6695,0.0176,0.0005,0.0047,0.0,0.0013,0.0001,2.9558,10.3376,0.0
2026-04-09 17-57-56,18,0.0777,0.4747,0.3889,0.1242,0.084,2.0782,6.1091,0.1846,0.0002,0.002,0.0,0.0005,0.0,2.4578,8.548,0.0,0.0005,0.007,0.0,0.0016,0.0002,3.5996,12.8796,0.0,0.0008,0.0063,0.0,0.0018,0.0004,2.2328,7.575,0.0,0.0,0.0,0.0,0.0,0.0,,0.0,0.0
IMG_20260320_155443,30,0.0241,0.1317,0.2,0.0326,0.033,1.719,5.4712,0.0263,0.0009,0.0113,0.0,0.0022,0.0007,3.813,12.6847,0.0,0.0002,0.0019,0.0,0.0004,0.0002,2.6721,9.184,0.0,0.0949,0.5914,0.3,0.1722,0.0973,1.7443,6.2345,0.1774,0.0036,0.0545,0.0333,0.0116,0.0,3.618,15.3326,0.0018
56,12,0.0387,0.1251,0.25,0.0332,0.0474,1.2336,3.2358,0.0313,0.0048,0.0243,0.0,0.0076,0.0065,1.5838,5.0318,0.0,0.0002,0.0011,0.0,0.0003,0.0,1.9563,7.0297,0.0,0.0131,0.0891,0.0833,0.0242,0.011,2.5314,6.8134,0.0074,0.0004,0.005,0.0,0.0014,0.0,3.0077,11.5404,0.0
78,12,0.1373,0.3711,0.6667,0.1177,0.198,0.5394,2.7032,0.2474,0.0,0.0,0.0,0.0,0.0,,0.0,0.0,0.0066,0.0368,0.0,0.0108,0.0084,1.7901,5.5545,0.0,0.041,0.1152,0.4167,0.0429,0.0844,0.4877,2.8065,0.048,0.0,0.0,0.0,0.0,0.0,3.0151,8.6705,0.0
82,12,0.0654,0.183,0.5833,0.0555,0.1024,0.5324,2.7973,0.1068,0.0005,0.004,0.0,0.0011,0.0003,2.4703,7.8712,0.0,0.0157,0.0912,0.1667,0.0314,0.0051,1.768,5.822,0.0152,0.0249,0.0807,0.25,0.0272,0.0442,0.7173,3.2404,0.0202,0.0,0.0,0.0,0.0,0.0,,0.0,0.0
IMG_20260410_134759728_HDR,25,0.178,0.4214,0.88,0.1102,0.2625,0.4463,2.3681,0.3709,0.0198,0.1527,0.12,0.0358,0.0179,2.6095,7.7024,0.0183,0.0006,0.012,0.0,0.0023,0.0,4.5189,19.4402,0.0,0.0129,0.1081,0.04,0.0227,0.0158,3.0415,8.3997,0.0043,0.0005,0.0053,0.0,0.0013,0.0,2.5469,10.2445,0.0
DSC02449,20,0.0207,0.1118,0.1,0.0325,0.0226,1.986,5.4,0.0112,0.0005,0.003,0.0,0.0008,0.001,1.6708,5.4862,0.0,0.0022,0.0173,0.0,0.004,0.0019,2.8383,7.9414,0.0,0.0385,0.2519,0.2,0.068,0.0348,2.1708,6.5358,0.0504,0.0024,0.0223,0.0,0.0054,0.0012,2.7335,9.4062,0.0
80,12,0.0003,0.0013,0.0,0.0004,0.0005,1.2903,4.3301,0.0,0.0003,0.0041,0.0,0.0011,0.0,3.0151,11.9332,0.0,0.0001,0.0007,0.0,0.0002,0.0,2.2171,7.2615,0.0,0.0005,0.005,0.0,0.0014,0.0003,2.883,9.1332,0.0,0.0,0.0004,0.0,0.0001,0.0,3.0151,11.6763,0.0
6,12,0.0815,0.2281,0.5,0.0814,0.1391,0.5966,2.7978,0.114,0.0002,0.0012,0.0,0.0004,0.0,1.8927,6.8601,0.0,0.0001,0.0008,0.0,0.0002,0.0,2.9926,10.8677,0.0,0.0026,0.0197,0.0,0.0056,0.001,2.3697,7.5941,0.0,0.0002,0.0029,0.0,0.0008,0.0,3.0151,11.9507,0.0
13,9,0.0179,0.0915,0.1111,0.0269,0.0154,2.1739,5.1123,0.0102,0.0001,0.0012,0.0,0.0004,0.0,2.4086,7.9686,0.0,0.0009,0.006,0.0,0.0019,0.0002,2.1815,6.9032,0.0,0.002,0.0077,0.0,0.0029,0.0018,1.2291,3.8666,0.0,0.0,0.0,0.0,0.0,0.0,2.4749,6.8182,0.0
DSC02251,24,0.0281,0.1506,0.2083,0.0428,0.0468,1.665,5.3577,0.0314,0.0012,0.0063,0.0,0.002,0.0015,1.5055,5.3705,0.0,0.0043,0.026,0.0,0.0078,0.0039,1.8081,6.052,0.0,0.0014,0.022,0.0,0.0045,0.0,3.9634,15.4243,0.0,0.0002,0.0035,0.0,0.0007,0.0,4.5612,22.4947,0.0
1,12,0.0194,0.0854,0.1667,0.027,0.0327,1.279,4.4098,0.0142,0.005,0.0331,0.0,0.0096,0.0037,2.1464,6.644,0.0,0.0025,0.0196,0.0,0.0058,0.0003,2.2474,7.8042,0.0,0.0649,0.1924,0.5,0.0678,0.1083,0.6059,2.9642,0.0962,0.0,0.0,0.0,0.0,0.0,,0.0,0.0
N-2,8,0.0068,0.0268,0.0,0.009,0.0092,1.2509,3.9691,0.0,0.0003,0.0016,0.0,0.0006,0.0003,1.5153,5.1083,0.0,0.0016,0.0078,0.0,0.0025,0.0018,1.8316,5.0162,0.0,0.0075,0.0319,0.0,0.0106,0.0102,1.4186,4.2231,0.0,0.0004,0.0018,0.0,0.0006,0.0008,1.1817,3.9998,0.0
71,12,0.0391,0.161,0.3333,0.0449,0.0592,1.528,4.1213,0.0537,0.0005,0.003,0.0,0.001,0.0003,1.6856,5.9202,0.0,0.0022,0.0116,0.0,0.0033,0.0021,1.9702,5.3357,0.0,0.004,0.0267,0.0,0.0081,0.001,2.0248,6.6259,0.0,0.0,0.0,0.0,0.0,0.0,,0.0,0.0
DSC02200,24,0.0629,0.311,0.4167,0.0828,0.0837,1.8257,4.9441,0.1296,0.0312,0.2163,0.1667,0.0481,0.0457,2.4337,6.9379,0.0361,0.0003,0.0021,0.0,0.0005,0.0002,2.0029,7.4436,0.0,0.0348,0.1822,0.25,0.0553,0.0398,1.4592,5.2351,0.0456,0.0003,0.0038,0.0,0.001,0.0,2.889,11.0856,0.0
63,12,0.0347,0.1275,0.25,0.0333,0.0402,1.5939,3.671,0.0319,0.0027,0.0158,0.0,0.0057,0.0003,1.783,5.916,0.0,0.0006,0.0041,0.0,0.0014,0.0,1.8159,6.4417,0.0,0.0931,0.3253,0.5,0.1071,0.1389,0.9204,3.4928,0.1626,0.0,0.0,0.0,0.0,0.0,,0.0,0.0
18,12,0.0122,0.085,0.0833,0.0235,0.0097,2.4273,6.9722,0.0071,0.0008,0.0047,0.0,0.0013,0.001,2.0038,5.719,0.0,0.0,0.0,0.0,0.0,0.0,,0.0,0.0,0.0002,0.0011,0.0,0.0003,0.0001,2.0603,6.5879,0.0,0.0,0.0,0.0,0.0,0.0,,0.0,0.0
DSC02528,15,0.0308,0.2088,0.2,0.0523,0.046,2.5601,6.7819,0.0418,0.0006,0.0043,0.0,0.0012,0.0003,2.0104,6.8523,0.0,0.003,0.0133,0.0,0.0037,0.0039,1.524,4.3758,0.0,0.005,0.039,0.0,0.0101,0.0054,2.5556,7.8142,0.0,0.0002,0.0013,0.0,0.0004,0.0,2.0344,6.6715,0.0
IMG_20260410_141818968_HDR,20,0.0586,0.2075,0.35,0.0581,0.1132,1.0207,3.5421,0.0726,0.0231,0.1068,0.15,0.0292,0.0364,1.5325,4.623,0.016,0.0002,0.0029,0.0,0.0006,0.0,3.6968,14.051,0.0,0.0241,0.0949,0.2,0.0287,0.0422,1.0014,3.9382,0.019,0.0024,0.0447,0.0,0.0097,0.0,4.1093,18.8857,0.0
DSC02332,24,0.0013,0.0105,0.0,0.0028,0.001,2.7163,8.0449,0.0,0.0004,0.0043,0.0,0.001,0.0001,2.9789,10.7756,0.0,0.0,0.0001,0.0,0.0,0.0,2.808,9.7,0.0,0.0967,0.3429,0.5417,0.0982,0.1793,0.7211,3.5463,0.1857,0.0006,0.0096,0.0,0.0021,0.0,3.544,14.7283,0.0
54,9,0.004,0.0172,0.0,0.0055,0.0071,1.3694,4.2654,0.0,0.0002,0.001,0.0,0.0003,0.0001,2.0903,6.3699,0.0,0.0029,0.0133,0.0,0.0041,0.0042,1.6845,4.5307,0.0,0.0033,0.0262,0.0,0.0082,0.0003,2.4219,7.9671,0.0,0.0007,0.0024,0.0,0.001,0.0013,0.9138,3.5415,0.0
59,12,0.0243,0.1013,0.1667,0.0311,0.03,1.4327,4.1638,0.0169,0.0037,0.0249,0.0,0.0078,0.0008,1.9564,6.7599,0.0,0.0003,0.0029,0.0,0.0008,0.0,2.5449,8.7145,0.0,0.0004,0.0025,0.0,0.0008,0.0004,1.8081,5.7248,0.0,0.0,0.0,0.0,0.0,0.0,,0.0,0.0
IMG_20260410_142320127_HDR,10,0.0137,0.0528,0.1,0.0156,0.0156,1.572,3.8671,0.0053,0.0003,0.0032,0.0,0.001,0.0,2.6538,9.4722,0.0,0.0009,0.0047,0.0,0.0015,0.0013,1.6537,5.0484,0.0,0.0052,0.0325,0.0,0.0096,0.0055,2.2275,6.2947,0.0,0.0,0.0002,0.0,0.0001,0.0,2.6667,9.5658,0.0
7,12,0.0225,0.0757,0.0833,0.0244,0.0461,0.8265,3.3645,0.0063,0.0097,0.03,0.0,0.0093,0.0152,0.9006,3.1041,0.0,0.0003,0.0011,0.0,0.0004,0.0006,0.9477,3.6773,0.0,0.0161,0.0644,0.1667,0.0213,0.0216,1.1816,3.9918,0.0107,0.0002,0.0022,0.0,0.0006,0.0,3.0151,11.9349,0.0
49,12,0.0719,0.3818,0.3333,0.1055,0.1054,2.0255,5.3077,0.1273,0.1132,0.4038,0.4167,0.1497,0.2777,0.794,3.5677,0.1682,0.0,0.0,0.0,0.0,0.0,,0.0,0.0,0.0006,0.003,0.0,0.001,0.0006,1.6227,4.8948,0.0,0.0001,0.0009,0.0,0.0002,0.0,3.0151,11.8341,0.0
5,12,0.0271,0.1023,0.25,0.0329,0.0422,1.0504,3.7685,0.0256,0.0002,0.001,0.0,0.0004,0.0004,1.3354,4.4853,0.0,0.0018,0.0086,0.0,0.0024,0.0022,1.8228,4.6986,0.0,0.0053,0.0234,0.0,0.0075,0.0062,1.4105,4.3769,0.0,0.0,0.0,0.0,0.0,0.0,,0.0,0.0
55,12,0.025,0.1399,0.1667,0.0396,0.0233,2.0623,5.6018,0.0233,0.0014,0.0058,0.0,0.0023,0.0017,1.1555,4.1551,0.0,0.0027,0.0156,0.0,0.0054,0.0013,1.774,5.7355,0.0,0.0528,0.2426,0.25,0.0902,0.0553,1.2196,4.5934,0.0606,0.0001,0.0016,0.0,0.0004,0.0,3.0151,11.9083,0.0
50,12,0.0351,0.1808,0.0833,0.0468,0.043,2.3992,5.1532,0.0151,0.0002,0.0023,0.0,0.0006,0.0001,2.8502,9.2387,0.0,0.0013,0.0077,0.0,0.0024,0.0013,1.6889,5.7472,0.0,0.0099,0.0662,0.0833,0.0187,0.0095,2.223,6.7228,0.0055,0.0001,0.0013,0.0,0.0004,0.0,3.0151,11.891,0.0
38,9,0.1635,0.5508,0.5556,0.1843,0.214,0.95,3.3688,0.306,0.0003,0.0018,0.0,0.0006,0.0005,1.6729,5.2829,0.0,0.0,0.0,0.0,0.0,0.0,2.4749,5.9069,0.0,0.0548,0.2209,0.3333,0.0791,0.0673,1.2053,4.0279,0.0736,0.0,0.0,0.0,0.0,0.0,,0.0,0.0
42,12,0.0207,0.0681,0.0833,0.02,0.0279,1.0275,3.2845,0.0057,0.0005,0.0033,0.0,0.0011,0.0001,1.9001,6.6145,0.0,0.0,0.0,0.0,0.0,0.0,3.0151,8.6705,0.0,0.1419,0.3487,0.6667,0.1268,0.2182,0.4455,2.4564,0.2324,0.0,0.0,0.0,0.0,0.0,,0.0,0.0
4,12,0.0939,0.3083,0.5,0.1003,0.1661,0.7069,3.2833,0.1542,0.0005,0.0024,0.0,0.0009,0.0007,1.2371,4.2761,0.0,0.0059,0.0441,0.0,0.0122,0.0053,2.5162,7.5406,0.0,0.0042,0.021,0.0,0.0066,0.0045,1.5133,5.001,0.0,0.0,0.0,0.0,0.0,0.0,,0.0,0.0
